experiment_id,start_utc,end_utc,benchmark_type,instance,source_instance,algorithm,algorithm_role,algorithm_version,seed,customer_count,station_count,vehicle_capacity,battery_capacity,battery_theoretical_lower_bound,battery_structural_lower_bound,battery_ratio,time_window_pressure,distance_metric,vehicle_count,objective_value,total_distance,total_energy,total_charged_energy,total_charging_time,status,feasible,proven_optimal,best_known_value,relative_gap,lower_bound,root_lower_bound,final_lower_bound,incumbent,optimality_gap,first_feasible_time,best_time,runtime_seconds,cpu_time_seconds,wall_clock_seconds,iterations,accepted_moves,rejected_moves,alns_destroy_statistics,alns_repair_statistics,charging_subproblem_calls,charging_subproblem_average_seconds,bpc_nodes,bpc_generated_columns,bpc_active_columns,bpc_pricing_iterations,forward_labels,backward_labels,joined_labels,labels_pruned,cuts_added,peak_memory_mb,failure_reason,raw_log_path,solution_path,threads,time_limit_seconds
primary-c101C5-branch_price_and_cut-0,2026-07-12T17:04:52.038179+00:00,2026-07-12T17:04:52.080085+00:00,Primary,c101C5,c101C5,BRANCH_PRICE_AND_CUT,small-scale exact theoretical reference,bd9787f5ab1df174246303e854e9be04d56fb270+dirty,0,5,3,200.0,77.75,29.732137494637012,59.464274989274024,1.3075077433303324,1.0,EUC_2D (unrounded Euclidean distance),3,247.14970649404418,247.14970649404418,247.14970649404418,68.18245235854639,236.593109684156,feasible,True,True,247.14970649404418,0.0,247.14970649404418,247.14970649404418,247.14970649404418,247.14970649404418,0.0,,,0.04187837499921443,0.04696499999999998,0.041899499999999534,,,,,,,,1,17,12,2,86,26,610,308,1,94.6875,,/Users/guoyiyang/Documents/GitHub/FURP-2026-Yiyang-GUO-EVRP-TW/results/week05_advanced/raw/primary-c101C5-branch_price_and_cut-0.json,/Users/guoyiyang/Documents/GitHub/FURP-2026-Yiyang-GUO-EVRP-TW/results/week05_advanced/solutions/primary-c101C5-branch_price_and_cut-0.json,1,30.0
primary-c101C5-alns_exact_charging-2014,2026-07-12T17:04:52.097910+00:00,2026-07-12T17:04:52.112535+00:00,Primary,c101C5,c101C5,ALNS_EXACT_CHARGING,primary ALNS-based matheuristic,bd9787f5ab1df174246303e854e9be04d56fb270+dirty,2014,5,3,200.0,77.75,29.732137494637012,59.464274989274024,1.3075077433303324,1.0,EUC_2D (unrounded Euclidean distance),3,247.14970649404418,247.14970649404418,247.14970649404418,68.18245235854639,236.593109684156,feasible,True,False,247.14970649404418,0.0,,,,,,0.0029501249991881195,0.00432958300007158,0.01458262500091223,0.014614000000000016,0.014623333998315502,1000,1000,0,"{""random"": {""accepted"": 342, ""best"": 1, ""calls"": 342, ""improved"": 1, ""weight"": 1.0000000000000007}, ""related"": {""accepted"": 327, ""best"": 0, ""calls"": 327, ""improved"": 0, ""weight"": 1.0}, ""worst"": {""accepted"": 331, ""best"": 0, ""calls"": 331, ""improved"": 2, ""weight"": 1.0000000000000007}}","{""energy"": {""accepted"": 324, ""best"": 0, ""calls"": 324, ""improved"": 0, ""weight"": 1.0}, ""greedy"": {""accepted"": 324, ""best"": 1, ""calls"": 324, ""improved"": 3, ""weight"": 1.0000000000000007}, ""regret2"": {""accepted"": 352, ""best"": 0, ""calls"": 352, ""improved"": 0, ""weight"": 1.0}}",44,0.00012625952281682245,,,,,3544,,,2424,,95.0,,/Users/guoyiyang/Documents/GitHub/FURP-2026-Yiyang-GUO-EVRP-TW/results/week05_advanced/raw/primary-c101C5-alns_exact_charging-2014.json,/Users/guoyiyang/Documents/GitHub/FURP-2026-Yiyang-GUO-EVRP-TW/results/week05_advanced/solutions/primary-c101C5-alns_exact_charging-2014.json,1,30.0
primary-c101C5-alns_exact_charging-2015,2026-07-12T17:04:52.128480+00:00,2026-07-12T17:04:52.145033+00:00,Primary,c101C5,c101C5,ALNS_EXACT_CHARGING,primary ALNS-based matheuristic,bd9787f5ab1df174246303e854e9be04d56fb270+dirty,2015,5,3,200.0,77.75,29.732137494637012,59.464274989274024,1.3075077433303324,1.0,EUC_2D (unrounded Euclidean distance),3,247.14970649404418,247.14970649404418,247.14970649404418,68.18245235854639,236.593109684156,feasible,True,False,247.14970649404418,0.0,,,,,,0.00296024999988731,0.0063509999999951106,0.016499084002134623,0.016403,0.016549249998206506,1000,998,2,"{""random"": {""accepted"": 349, ""best"": 1, ""calls"": 349, ""improved"": 1, ""weight"": 1.0000000000000007}, ""related"": {""accepted"": 341, ""best"": 0, ""calls"": 341, ""improved"": 0, ""weight"": 1.0}, ""worst"": {""accepted"": 308, ""best"": 0, ""calls"": 310, ""improved"": 2, ""weight"": 1.0000000000000007}}","{""energy"": {""accepted"": 324, ""best"": 0, ""calls"": 326, ""improved"": 0, ""weight"": 0.9999999999999998}, ""greedy"": {""accepted"": 373, ""best"": 1, ""calls"": 373, ""improved"": 3, ""weight"": 1.0000000000000007}, ""regret2"": {""accepted"": 301, ""best"": 0, ""calls"": 301, ""improved"": 0, ""weight"": 1.0}}",54,0.00013266275911721296,,,,,4482,,,3076,,95.015625,,/Users/guoyiyang/Documents/GitHub/FURP-2026-Yiyang-GUO-EVRP-TW/results/week05_advanced/raw/primary-c101C5-alns_exact_charging-2015.json,/Users/guoyiyang/Documents/GitHub/FURP-2026-Yiyang-GUO-EVRP-TW/results/week05_advanced/solutions/primary-c101C5-alns_exact_charging-2015.json,1,30.0
primary-c101C5-alns_exact_charging-2016,2026-07-12T17:04:52.159297+00:00,2026-07-12T17:04:52.175329+00:00,Primary,c101C5,c101C5,ALNS_EXACT_CHARGING,primary ALNS-based matheuristic,bd9787f5ab1df174246303e854e9be04d56fb270+dirty,2016,5,3,200.0,77.75,29.732137494637012,59.464274989274024,1.3075077433303324,1.0,EUC_2D (unrounded Euclidean distance),3,247.14970649404418,247.14970649404418,247.14970649404418,68.18245235854639,236.593109684156,feasible,True,False,247.14970649404418,0.0,,,,,,0.0033080829998652916,0.005415457999333739,0.015990542000508867,0.015867999999999993,0.01602933400135953,1000,1000,0,"{""random"": {""accepted"": 345, ""best"": 0, ""calls"": 345, ""improved"": 0, ""weight"": 1.0}, ""related"": {""accepted"": 329, ""best"": 1, ""calls"": 329, ""improved"": 1, ""weight"": 1.0000000000000007}, ""worst"": {""accepted"": 326, ""best"": 0, ""calls"": 326, ""improved"": 0, ""weight"": 1.0}}","{""energy"": {""accepted"": 326, ""best"": 0, ""calls"": 326, ""improved"": 0, ""weight"": 1.0}, ""greedy"": {""accepted"": 342, ""best"": 1, ""calls"": 342, ""improved"": 1, ""weight"": 1.0000000000000007}, ""regret2"": {""accepted"": 332, ""best"": 0, ""calls"": 332, ""improved"": 0, ""weight"": 1.0}}",49,0.00013465051025767543,,,,,4066,,,2788,,95.015625,,/Users/guoyiyang/Documents/GitHub/FURP-2026-Yiyang-GUO-EVRP-TW/results/week05_advanced/raw/primary-c101C5-alns_exact_charging-2016.json,/Users/guoyiyang/Documents/GitHub/FURP-2026-Yiyang-GUO-EVRP-TW/results/week05_advanced/solutions/primary-c101C5-alns_exact_charging-2016.json,1,30.0
primary-c101C5-or_tools_vrptw-0,2026-07-12T17:04:52.190437+00:00,2026-07-12T17:04:52.195300+00:00,Primary,c101C5,c101C5,OR_TOOLS_VRPTW,classical VRPTW baseline; no charging optimization,bd9787f5ab1df174246303e854e9be04d56fb270+dirty,0,5,3,200.0,77.75,29.732137494637012,59.464274989274024,1.3075077433303324,1.0,EUC_2D (unrounded Euclidean distance),3,234.71709679263063,234.71709679263063,234.71709679263063,0.0,0.0,invalid,False,False,247.14970649404418,,,,,,,,,0.004861165998590877,0.004068000000000016,0.004861165998590877,,,,,,,,,,,,,,,,,100.078125,battery depleted on leg 3 (C85->D0) | battery depleted on leg 3 (C100->D0),/Users/guoyiyang/Documents/GitHub/FURP-2026-Yiyang-GUO-EVRP-TW/results/week05_advanced/raw/primary-c101C5-or_tools_vrptw-0.json,/Users/guoyiyang/Documents/GitHub/FURP-2026-Yiyang-GUO-EVRP-TW/results/week05_advanced/solutions/primary-c101C5-or_tools_vrptw-0.json,1,30.0
primary-c101C5-ga_vrptw-2014,2026-07-12T17:04:52.210077+00:00,2026-07-12T17:04:52.314910+00:00,Primary,c101C5,c101C5,GA_VRPTW,weak baseline; chromosome decoder has no exact station insertion,bd9787f5ab1df174246303e854e9be04d56fb270+dirty,2014,5,3,200.0,77.75,29.732137494637012,59.464274989274024,1.3075077433303324,1.0,EUC_2D (unrounded Euclidean distance),5,296.0921118198048,296.0921118198048,296.0921118198048,0.0,0.0,feasible,True,False,247.14970649404418,0.19802736576156948,,,,,,,,0.10480900000038673,0.10354400000000002,0.10480900000038673,,,,,,,,,,,,,,,,,100.171875,,/Users/guoyiyang/Documents/GitHub/FURP-2026-Yiyang-GUO-EVRP-TW/results/week05_advanced/raw/primary-c101C5-ga_vrptw-2014.json,/Users/guoyiyang/Documents/GitHub/FURP-2026-Yiyang-GUO-EVRP-TW/results/week05_advanced/solutions/primary-c101C5-ga_vrptw-2014.json,1,30.0
primary-c101C5-ga_vrptw-2015,2026-07-12T17:04:52.328947+00:00,2026-07-12T17:04:52.428891+00:00,Primary,c101C5,c101C5,GA_VRPTW,weak baseline; chromosome decoder has no exact station insertion,bd9787f5ab1df174246303e854e9be04d56fb270+dirty,2015,5,3,200.0,77.75,29.732137494637012,59.464274989274024,1.3075077433303324,1.0,EUC_2D (unrounded Euclidean distance),5,296.0921118198048,296.0921118198048,296.0921118198048,0.0,0.0,feasible,True,False,247.14970649404418,0.19802736576156948,,,,,,,,0.09994266699868604,0.09970299999999999,0.09994266699868604,,,,,,,,,,,,,,,,,100.203125,,/Users/guoyiyang/Documents/GitHub/FURP-2026-Yiyang-GUO-EVRP-TW/results/week05_advanced/raw/primary-c101C5-ga_vrptw-2015.json,/Users/guoyiyang/Documents/GitHub/FURP-2026-Yiyang-GUO-EVRP-TW/results/week05_advanced/solutions/primary-c101C5-ga_vrptw-2015.json,1,30.0
primary-c101C5-ga_vrptw-2016,2026-07-12T17:04:52.442472+00:00,2026-07-12T17:04:52.542219+00:00,Primary,c101C5,c101C5,GA_VRPTW,weak baseline; chromosome decoder has no exact station insertion,bd9787f5ab1df174246303e854e9be04d56fb270+dirty,2016,5,3,200.0,77.75,29.732137494637012,59.464274989274024,1.3075077433303324,1.0,EUC_2D (unrounded Euclidean distance),5,296.0921118198048,296.0921118198048,296.0921118198048,0.0,0.0,feasible,True,False,247.14970649404418,0.19802736576156948,,,,,,,,0.0997452500014333,0.09955999999999998,0.0997452500014333,,,,,,,,,,,,,,,,,100.203125,,/Users/guoyiyang/Documents/GitHub/FURP-2026-Yiyang-GUO-EVRP-TW/results/week05_advanced/raw/primary-c101C5-ga_vrptw-2016.json,/Users/guoyiyang/Documents/GitHub/FURP-2026-Yiyang-GUO-EVRP-TW/results/week05_advanced/solutions/primary-c101C5-ga_vrptw-2016.json,1,30.0
primary-r105C5-branch_price_and_cut-0,2026-07-12T17:04:52.555765+00:00,2026-07-12T17:04:52.590269+00:00,Primary,r105C5,r105C5,BRANCH_PRICE_AND_CUT,small-scale exact theoretical reference,bd9787f5ab1df174246303e854e9be04d56fb270+dirty,0,5,3,200.0,60.63,27.784887978899608,55.569775957799216,1.0910607241973338,1.0,EUC_2D (unrounded Euclidean distance),2,156.08206946417084,156.08206946417084,156.08206946417084,90.12225090073764,44.159902941361445,feasible,True,True,156.08206946417084,0.0,156.08206946417084,156.08206946417084,156.08206946417084,156.08206946417084,0.0,,,0.034481792001315625,0.03445100000000001,0.03450366600009147,,,,,,,,1,16,15,2,86,26,610,309,1,100.21875,,/Users/guoyiyang/Documents/GitHub/FURP-2026-Yiyang-GUO-EVRP-TW/results/week05_advanced/raw/primary-r105C5-branch_price_and_cut-0.json,/Users/guoyiyang/Documents/GitHub/FURP-2026-Yiyang-GUO-EVRP-TW/results/week05_advanced/solutions/primary-r105C5-branch_price_and_cut-0.json,1,30.0
primary-r105C5-alns_exact_charging-2014,2026-07-12T17:04:52.603623+00:00,2026-07-12T17:04:52.615250+00:00,Primary,r105C5,r105C5,ALNS_EXACT_CHARGING,primary ALNS-based matheuristic,bd9787f5ab1df174246303e854e9be04d56fb270+dirty,2014,5,3,200.0,60.63,27.784887978899608,55.569775957799216,1.0910607241973338,1.0,EUC_2D (unrounded Euclidean distance),2,156.08206946417084,156.08206946417084,156.08206946417084,90.12225090073764,44.159902941361445,feasible,True,False,156.08206946417084,0.0,,,,,,0.002386500000284286,0.002386500000284286,0.011590375001105713,0.011618999999999935,0.011624874998233281,1000,1000,0,"{""random"": {""accepted"": 342, ""best"": 0, ""calls"": 342, ""improved"": 0, ""weight"": 1.0}, ""related"": {""accepted"": 331, ""best"": 0, ""calls"": 331, ""improved"": 0, ""weight"": 1.0}, ""worst"": {""accepted"": 327, ""best"": 0, ""calls"": 327, ""improved"": 0, ""weight"": 1.0}}","{""energy"": {""accepted"": 324, ""best"": 0, ""calls"": 324, ""improved"": 0, ""weight"": 1.0}, ""greedy"": {""accepted"": 321, ""best"": 0, ""calls"": 321, ""improved"": 0, ""weight"": 1.0}, ""regret2"": {""accepted"": 355, ""best"": 0, ""calls"": 355, ""improved"": 0, ""weight"": 1.0}}",37,9.857764844373624e-05,,,,,2446,,,1670,,100.21875,,/Users/guoyiyang/Documents/GitHub/FURP-2026-Yiyang-GUO-EVRP-TW/results/week05_advanced/raw/primary-r105C5-alns_exact_charging-2014.json,/Users/guoyiyang/Documents/GitHub/FURP-2026-Yiyang-GUO-EVRP-TW/results/week05_advanced/solutions/primary-r105C5-alns_exact_charging-2014.json,1,30.0
primary-r105C5-alns_exact_charging-2015,2026-07-12T17:04:52.628641+00:00,2026-07-12T17:04:52.640293+00:00,Primary,r105C5,r105C5,ALNS_EXACT_CHARGING,primary ALNS-based matheuristic,bd9787f5ab1df174246303e854e9be04d56fb270+dirty,2015,5,3,200.0,60.63,27.784887978899608,55.569775957799216,1.0910607241973338,1.0,EUC_2D (unrounded Euclidean distance),2,156.08206946417084,156.08206946417084,156.08206946417084,90.12225090073764,44.159902941361445,feasible,True,False,156.08206946417084,0.0,,,,,,0.0023207909980555996,0.0023207909980555996,0.011618290998740122,0.011634999999999951,0.011649415999272605,1000,1000,0,"{""random"": {""accepted"": 345, ""best"": 0, ""calls"": 345, ""improved"": 0, ""weight"": 1.0}, ""related"": {""accepted"": 342, ""best"": 0, ""calls"": 342, ""improved"": 0, ""weight"": 1.0}, ""worst"": {""accepted"": 313, ""best"": 0, ""calls"": 313, ""improved"": 0, ""weight"": 1.0}}","{""energy"": {""accepted"": 329, ""best"": 0, ""calls"": 329, ""improved"": 0, ""weight"": 1.0}, ""greedy"": {""accepted"": 363, ""best"": 0, ""calls"": 363, ""improved"": 0, ""weight"": 1.0}, ""regret2"": {""accepted"": 308, ""best"": 0, ""calls"": 308, ""improved"": 0, ""weight"": 1.0}}",37,9.761929725976409e-05,,,,,2446,,,1670,,100.21875,,/Users/guoyiyang/Documents/GitHub/FURP-2026-Yiyang-GUO-EVRP-TW/results/week05_advanced/raw/primary-r105C5-alns_exact_charging-2015.json,/Users/guoyiyang/Documents/GitHub/FURP-2026-Yiyang-GUO-EVRP-TW/results/week05_advanced/solutions/primary-r105C5-alns_exact_charging-2015.json,1,30.0
primary-r105C5-alns_exact_charging-2016,2026-07-12T17:04:52.653469+00:00,2026-07-12T17:04:52.665074+00:00,Primary,r105C5,r105C5,ALNS_EXACT_CHARGING,primary ALNS-based matheuristic,bd9787f5ab1df174246303e854e9be04d56fb270+dirty,2016,5,3,200.0,60.63,27.784887978899608,55.569775957799216,1.0910607241973338,1.0,EUC_2D (unrounded Euclidean distance),2,156.08206946417084,156.08206946417084,156.08206946417084,90.12225090073764,44.159902941361445,feasible,True,False,156.08206946417084,0.0,,,,,,0.00233620800281642,0.00233620800281642,0.011573458003113046,0.01159599999999994,0.011603292001382215,1000,1000,0,"{""random"": {""accepted"": 344, ""best"": 0, ""calls"": 344, ""improved"": 0, ""weight"": 1.0}, ""related"": {""accepted"": 322, ""best"": 0, ""calls"": 322, ""improved"": 0, ""weight"": 1.0}, ""worst"": {""accepted"": 334, ""best"": 0, ""calls"": 334, ""improved"": 0, ""weight"": 1.0}}","{""energy"": {""accepted"": 324, ""best"": 0, ""calls"": 324, ""improved"": 0, ""weight"": 1.0}, ""greedy"": {""accepted"": 331, ""best"": 0, ""calls"": 331, ""improved"": 0, ""weight"": 1.0}, ""regret2"": {""accepted"": 345, ""best"": 0, ""calls"": 345, ""improved"": 0, ""weight"": 1.0}}",37,9.723889180915305e-05,,,,,2446,,,1670,,100.21875,,/Users/guoyiyang/Documents/GitHub/FURP-2026-Yiyang-GUO-EVRP-TW/results/week05_advanced/raw/primary-r105C5-alns_exact_charging-2016.json,/Users/guoyiyang/Documents/GitHub/FURP-2026-Yiyang-GUO-EVRP-TW/results/week05_advanced/solutions/primary-r105C5-alns_exact_charging-2016.json,1,30.0
primary-r105C5-or_tools_vrptw-0,2026-07-12T17:04:52.678209+00:00,2026-07-12T17:04:52.679888+00:00,Primary,r105C5,r105C5,OR_TOOLS_VRPTW,classical VRPTW baseline; no charging optimization,bd9787f5ab1df174246303e854e9be04d56fb270+dirty,0,5,3,200.0,60.63,27.784887978899608,55.569775957799216,1.0910607241973338,1.0,EUC_2D (unrounded Euclidean distance),2,151.1487994612179,151.1487994612179,151.1487994612179,0.0,0.0,invalid,False,False,156.08206946417084,,,,,,,,,0.0016765420004958287,0.0016769999999999285,0.0016765420004958287,,,,,,,,,,,,,,,,,100.859375,battery depleted on leg 2 (C75->C91) | battery depleted on leg 3 (C91->C95) | battery depleted on leg 4 (C95->D0) | battery depleted on leg 3 (C28->D0),/Users/guoyiyang/Documents/GitHub/FURP-2026-Yiyang-GUO-EVRP-TW/results/week05_advanced/raw/primary-r105C5-or_tools_vrptw-0.json,/Users/guoyiyang/Documents/GitHub/FURP-2026-Yiyang-GUO-EVRP-TW/results/week05_advanced/solutions/primary-r105C5-or_tools_vrptw-0.json,1,30.0
primary-r105C5-ga_vrptw-2014,2026-07-12T17:04:52.693211+00:00,2026-07-12T17:04:52.791138+00:00,Primary,r105C5,r105C5,GA_VRPTW,weak baseline; chromosome decoder has no exact station insertion,bd9787f5ab1df174246303e854e9be04d56fb270+dirty,2014,5,3,200.0,60.63,27.784887978899608,55.569775957799216,1.0910607241973338,1.0,EUC_2D (unrounded Euclidean distance),4,182.00669045105784,182.00669045105784,182.00669045105784,0.0,0.0,invalid,False,False,156.08206946417084,,,,,,,,,0.09792308299802244,0.09777800000000003,0.09792308299802244,,,,,,,,,,,,,,,,,101.015625,battery depleted on leg 2 (C78->D0),/Users/guoyiyang/Documents/GitHub/FURP-2026-Yiyang-GUO-EVRP-TW/results/week05_advanced/raw/primary-r105C5-ga_vrptw-2014.json,/Users/guoyiyang/Documents/GitHub/FURP-2026-Yiyang-GUO-EVRP-TW/results/week05_advanced/solutions/primary-r105C5-ga_vrptw-2014.json,1,30.0
primary-r105C5-ga_vrptw-2015,2026-07-12T17:04:52.804512+00:00,2026-07-12T17:04:52.903466+00:00,Primary,r105C5,r105C5,GA_VRPTW,weak baseline; chromosome decoder has no exact station insertion,bd9787f5ab1df174246303e854e9be04d56fb270+dirty,2015,5,3,200.0,60.63,27.784887978899608,55.569775957799216,1.0910607241973338,1.0,EUC_2D (unrounded Euclidean distance),4,182.00669045105784,182.00669045105784,182.00669045105784,0.0,0.0,invalid,False,False,156.08206946417084,,,,,,,,,0.09895587500068359,0.09877500000000006,0.09895587500068359,,,,,,,,,,,,,,,,,101.03125,battery depleted on leg 2 (C78->D0),/Users/guoyiyang/Documents/GitHub/FURP-2026-Yiyang-GUO-EVRP-TW/results/week05_advanced/raw/primary-r105C5-ga_vrptw-2015.json,/Users/guoyiyang/Documents/GitHub/FURP-2026-Yiyang-GUO-EVRP-TW/results/week05_advanced/solutions/primary-r105C5-ga_vrptw-2015.json,1,30.0
primary-r105C5-ga_vrptw-2016,2026-07-12T17:04:52.917807+00:00,2026-07-12T17:04:53.017123+00:00,Primary,r105C5,r105C5,GA_VRPTW,weak baseline; chromosome decoder has no exact station insertion,bd9787f5ab1df174246303e854e9be04d56fb270+dirty,2016,5,3,200.0,60.63,27.784887978899608,55.569775957799216,1.0910607241973338,1.0,EUC_2D (unrounded Euclidean distance),4,182.00669045105784,182.00669045105784,182.00669045105784,0.0,0.0,invalid,False,False,156.08206946417084,,,,,,,,,0.09931354199943598,0.09897800000000001,0.09931354199943598,,,,,,,,,,,,,,,,,101.046875,battery depleted on leg 2 (C78->D0),/Users/guoyiyang/Documents/GitHub/FURP-2026-Yiyang-GUO-EVRP-TW/results/week05_advanced/raw/primary-r105C5-ga_vrptw-2016.json,/Users/guoyiyang/Documents/GitHub/FURP-2026-Yiyang-GUO-EVRP-TW/results/week05_advanced/solutions/primary-r105C5-ga_vrptw-2016.json,1,30.0
primary-rc105C5-branch_price_and_cut-0,2026-07-12T17:04:53.032076+00:00,2026-07-12T17:04:53.097235+00:00,Primary,rc105C5,rc105C5,BRANCH_PRICE_AND_CUT,small-scale exact theoretical reference,bd9787f5ab1df174246303e854e9be04d56fb270+dirty,0,5,4,200.0,77.75,19.924858845171276,39.84971769034255,1.9510803214257766,1.0,EUC_2D (unrounded Euclidean distance),3,238.05223158918278,238.05223158918278,238.05223158918278,48.97028515826695,19.09841121172411,feasible,True,True,238.05223158918278,0.0,238.05223158918278,231.15859516315464,238.05223158918278,238.05223158918278,0.0,,,0.06513291699957335,0.06499799999999989,0.06515687499995693,,,,,,,,9,18,18,10,86,26,610,307,9,101.09375,,/Users/guoyiyang/Documents/GitHub/FURP-2026-Yiyang-GUO-EVRP-TW/results/week05_advanced/raw/primary-rc105C5-branch_price_and_cut-0.json,/Users/guoyiyang/Documents/GitHub/FURP-2026-Yiyang-GUO-EVRP-TW/results/week05_advanced/solutions/primary-rc105C5-branch_price_and_cut-0.json,1,30.0
primary-rc105C5-alns_exact_charging-2014,2026-07-12T17:04:53.112227+00:00,2026-07-12T17:04:53.127761+00:00,Primary,rc105C5,rc105C5,ALNS_EXACT_CHARGING,primary ALNS-based matheuristic,bd9787f5ab1df174246303e854e9be04d56fb270+dirty,2014,5,4,200.0,77.75,19.924858845171276,39.84971769034255,1.9510803214257766,1.0,EUC_2D (unrounded Euclidean distance),3,238.05223158918278,238.05223158918278,238.05223158918278,48.97028515826695,19.09841121172411,feasible,True,False,238.05223158918278,0.0,,,,,,0.003713083002367057,0.00406666600247263,0.015479666002647718,0.015507999999999855,0.015531207998719765,1000,1000,0,"{""random"": {""accepted"": 345, ""best"": 1, ""calls"": 345, ""improved"": 1, ""weight"": 1.0000000000000007}, ""related"": {""accepted"": 330, ""best"": 0, ""calls"": 330, ""improved"": 0, ""weight"": 1.0}, ""worst"": {""accepted"": 325, ""best"": 0, ""calls"": 325, ""improved"": 0, ""weight"": 1.0}}","{""energy"": {""accepted"": 324, ""best"": 0, ""calls"": 324, ""improved"": 0, ""weight"": 1.0}, ""greedy"": {""accepted"": 315, ""best"": 0, ""calls"": 315, ""improved"": 0, ""weight"": 1.0}, ""regret2"": {""accepted"": 361, ""best"": 1, ""calls"": 361, ""improved"": 1, ""weight"": 1.0000000000000007}}",36,0.00017374411133156778,,,,,4314,,,3256,,101.09375,,/Users/guoyiyang/Documents/GitHub/FURP-2026-Yiyang-GUO-EVRP-TW/results/week05_advanced/raw/primary-rc105C5-alns_exact_charging-2014.json,/Users/guoyiyang/Documents/GitHub/FURP-2026-Yiyang-GUO-EVRP-TW/results/week05_advanced/solutions/primary-rc105C5-alns_exact_charging-2014.json,1,30.0
primary-rc105C5-alns_exact_charging-2015,2026-07-12T17:04:53.141690+00:00,2026-07-12T17:04:53.163500+00:00,Primary,rc105C5,rc105C5,ALNS_EXACT_CHARGING,primary ALNS-based matheuristic,bd9787f5ab1df174246303e854e9be04d56fb270+dirty,2015,5,4,200.0,77.75,19.924858845171276,39.84971769034255,1.9510803214257766,1.0,EUC_2D (unrounded Euclidean distance),2,241.29639187672765,241.29639187672765,241.29639187672765,153.30708611699546,59.789763585628236,feasible,True,False,238.05223158918278,0.013627934785099861,,,,,,0.0038026250003895257,0.006061334002879448,0.02175566700316267,0.021770000000000067,0.021807832999911625,1000,1000,0,"{""random"": {""accepted"": 345, ""best"": 0, ""calls"": 345, ""improved"": 0, ""weight"": 1.0}, ""related"": {""accepted"": 340, ""best"": 2, ""calls"": 340, ""improved"": 2, ""weight"": 1.0000000000000007}, ""worst"": {""accepted"": 315, ""best"": 0, ""calls"": 315, ""improved"": 2, ""weight"": 1.0000000000000007}}","{""energy"": {""accepted"": 328, ""best"": 0, ""calls"": 328, ""improved"": 0, ""weight"": 1.0}, ""greedy"": {""accepted"": 365, ""best"": 1, ""calls"": 365, ""improved"": 3, ""weight"": 1.0000000000000007}, ""regret2"": {""accepted"": 307, ""best"": 1, ""calls"": 307, ""improved"": 1, ""weight"": 1.0000000000000007}}",70,0.00018152492858851993,,,,,8974,,,6798,,101.09375,,/Users/guoyiyang/Documents/GitHub/FURP-2026-Yiyang-GUO-EVRP-TW/results/week05_advanced/raw/primary-rc105C5-alns_exact_charging-2015.json,/Users/guoyiyang/Documents/GitHub/FURP-2026-Yiyang-GUO-EVRP-TW/results/week05_advanced/solutions/primary-rc105C5-alns_exact_charging-2015.json,1,30.0
primary-rc105C5-alns_exact_charging-2016,2026-07-12T17:04:53.177434+00:00,2026-07-12T17:04:53.199623+00:00,Primary,rc105C5,rc105C5,ALNS_EXACT_CHARGING,primary ALNS-based matheuristic,bd9787f5ab1df174246303e854e9be04d56fb270+dirty,2016,5,4,200.0,77.75,19.924858845171276,39.84971769034255,1.9510803214257766,1.0,EUC_2D (unrounded Euclidean distance),3,238.05223158918278,238.05223158918278,238.05223158918278,48.97028515826695,19.09841121172411,feasible,True,False,238.05223158918278,0.0,,,,,,0.0036301670006650966,0.018660792000446236,0.022140458000649232,0.02217099999999994,0.022186124999279855,1000,992,8,"{""random"": {""accepted"": 348, ""best"": 3, ""calls"": 351, ""improved"": 6, ""weight"": 1.0000000000216074}, ""related"": {""accepted"": 310, ""best"": 0, ""calls"": 315, ""improved"": 5, ""weight"": 0.9999999999979594}, ""worst"": {""accepted"": 334, ""best"": 0, ""calls"": 334, ""improved"": 14, ""weight"": 1.0000000000000204}}","{""energy"": {""accepted"": 315, ""best"": 2, ""calls"": 323, ""improved"": 10, ""weight"": 0.9999999999975411}, ""greedy"": {""accepted"": 347, ""best"": 0, ""calls"": 347, ""improved"": 9, ""weight"": 1.0000000000000007}, ""regret2"": {""accepted"": 330, ""best"": 1, ""calls"": 330, ""improved"": 6, ""weight"": 1.0000000000089553}}",72,0.0001847511665699939,,,,,9466,,,7178,,101.09375,,/Users/guoyiyang/Documents/GitHub/FURP-2026-Yiyang-GUO-EVRP-TW/results/week05_advanced/raw/primary-rc105C5-alns_exact_charging-2016.json,/Users/guoyiyang/Documents/GitHub/FURP-2026-Yiyang-GUO-EVRP-TW/results/week05_advanced/solutions/primary-rc105C5-alns_exact_charging-2016.json,1,30.0
primary-rc105C5-or_tools_vrptw-0,2026-07-12T17:04:53.212731+00:00,2026-07-12T17:04:53.214202+00:00,Primary,rc105C5,rc105C5,OR_TOOLS_VRPTW,classical VRPTW baseline; no charging optimization,bd9787f5ab1df174246303e854e9be04d56fb270+dirty,0,5,4,200.0,77.75,19.924858845171276,39.84971769034255,1.9510803214257766,1.0,EUC_2D (unrounded Euclidean distance),2,227.18474246926607,227.18474246926607,227.18474246926607,0.0,0.0,invalid,False,False,238.05223158918278,,,,,,,,,0.0014677919971290976,0.0014599999999997948,0.0014677919971290976,,,,,,,,,,,,,,,,,101.09375,battery depleted on leg 3 (C22->D0) | battery depleted on leg 2 (C36->C55) | battery depleted on leg 3 (C55->C82) | battery depleted on leg 4 (C82->D0),/Users/guoyiyang/Documents/GitHub/FURP-2026-Yiyang-GUO-EVRP-TW/results/week05_advanced/raw/primary-rc105C5-or_tools_vrptw-0.json,/Users/guoyiyang/Documents/GitHub/FURP-2026-Yiyang-GUO-EVRP-TW/results/week05_advanced/solutions/primary-rc105C5-or_tools_vrptw-0.json,1,30.0
primary-rc105C5-ga_vrptw-2014,2026-07-12T17:04:53.226943+00:00,2026-07-12T17:04:53.324602+00:00,Primary,rc105C5,rc105C5,GA_VRPTW,weak baseline; chromosome decoder has no exact station insertion,bd9787f5ab1df174246303e854e9be04d56fb270+dirty,2014,5,4,200.0,77.75,19.924858845171276,39.84971769034255,1.9510803214257766,1.0,EUC_2D (unrounded Euclidean distance),4,251.83384026827332,251.83384026827332,251.83384026827332,0.0,0.0,invalid,False,False,238.05223158918278,,,,,,,,,0.09765574999983073,0.09749600000000003,0.09765574999983073,,,,,,,,,,,,,,,,,101.109375,battery depleted on leg 2 (C36->D0),/Users/guoyiyang/Documents/GitHub/FURP-2026-Yiyang-GUO-EVRP-TW/results/week05_advanced/raw/primary-rc105C5-ga_vrptw-2014.json,/Users/guoyiyang/Documents/GitHub/FURP-2026-Yiyang-GUO-EVRP-TW/results/week05_advanced/solutions/primary-rc105C5-ga_vrptw-2014.json,1,30.0
primary-rc105C5-ga_vrptw-2015,2026-07-12T17:04:53.337856+00:00,2026-07-12T17:04:53.435784+00:00,Primary,rc105C5,rc105C5,GA_VRPTW,weak baseline; chromosome decoder has no exact station insertion,bd9787f5ab1df174246303e854e9be04d56fb270+dirty,2015,5,4,200.0,77.75,19.924858845171276,39.84971769034255,1.9510803214257766,1.0,EUC_2D (unrounded Euclidean distance),4,251.83384026827332,251.83384026827332,251.83384026827332,0.0,0.0,invalid,False,False,238.05223158918278,,,,,,,,,0.09792645899869967,0.09782100000000016,0.09792645899869967,,,,,,,,,,,,,,,,,101.125,battery depleted on leg 2 (C36->D0),/Users/guoyiyang/Documents/GitHub/FURP-2026-Yiyang-GUO-EVRP-TW/results/week05_advanced/raw/primary-rc105C5-ga_vrptw-2015.json,/Users/guoyiyang/Documents/GitHub/FURP-2026-Yiyang-GUO-EVRP-TW/results/week05_advanced/solutions/primary-rc105C5-ga_vrptw-2015.json,1,30.0
primary-rc105C5-ga_vrptw-2016,2026-07-12T17:04:53.448780+00:00,2026-07-12T17:04:53.546413+00:00,Primary,rc105C5,rc105C5,GA_VRPTW,weak baseline; chromosome decoder has no exact station insertion,bd9787f5ab1df174246303e854e9be04d56fb270+dirty,2016,5,4,200.0,77.75,19.924858845171276,39.84971769034255,1.9510803214257766,1.0,EUC_2D (unrounded Euclidean distance),4,251.83384026827332,251.83384026827332,251.83384026827332,0.0,0.0,invalid,False,False,238.05223158918278,,,,,,,,,0.09763050000037765,0.09731000000000001,0.09763050000037765,,,,,,,,,,,,,,,,,101.125,battery depleted on leg 2 (C36->D0),/Users/guoyiyang/Documents/GitHub/FURP-2026-Yiyang-GUO-EVRP-TW/results/week05_advanced/raw/primary-rc105C5-ga_vrptw-2016.json,/Users/guoyiyang/Documents/GitHub/FURP-2026-Yiyang-GUO-EVRP-TW/results/week05_advanced/solutions/primary-rc105C5-ga_vrptw-2016.json,1,30.0
primary-c104C10-branch_price_and_cut-0,2026-07-12T17:04:53.560573+00:00,2026-07-12T17:04:53.560573+00:00,Primary,c104C10,c104C10,BRANCH_PRICE_AND_CUT,small-scale exact theoretical reference,bd9787f5ab1df174246303e854e9be04d56fb270+dirty,0,10,4,200.0,77.75,26.1725046566048,52.3450093132096,1.4853373993073162,1.0,EUC_2D (unrounded Euclidean distance),,,,,,,not_applicable,False,False,,,,,,,,,,0.0,0.0,0.0,,,,,,,,,,,,,,,,,0.0,exact enumerated-column BPC is limited to at most 8 customers,/Users/guoyiyang/Documents/GitHub/FURP-2026-Yiyang-GUO-EVRP-TW/results/week05_advanced/raw/primary-c104C10-branch_price_and_cut-0.json,/Users/guoyiyang/Documents/GitHub/FURP-2026-Yiyang-GUO-EVRP-TW/results/week05_advanced/solutions/primary-c104C10-branch_price_and_cut-0.json,1,30.0
primary-c104C10-alns_exact_charging-2014,2026-07-12T17:04:53.573473+00:00,2026-07-12T17:04:53.972792+00:00,Primary,c104C10,c104C10,ALNS_EXACT_CHARGING,primary ALNS-based matheuristic,bd9787f5ab1df174246303e854e9be04d56fb270+dirty,2014,10,4,200.0,77.75,26.1725046566048,52.3450093132096,1.4853373993073162,1.0,EUC_2D (unrounded Euclidean distance),2,273.9312371287162,273.9312371287162,273.9312371287162,169.78416126570522,589.1510395919971,feasible,True,False,nan,,,,,,,0.027159041001141304,0.3598577500015381,0.3992198330015526,0.39810500000000015,0.39931816600073944,1000,980,20,"{""random"": {""accepted"": 340, ""best"": 5, ""calls"": 345, ""improved"": 6, ""weight"": 0.9999584598356739}, ""related"": {""accepted"": 296, ""best"": 0, ""calls"": 311, ""improved"": 0, ""weight"": 0.9998726316273621}, ""worst"": {""accepted"": 344, ""best"": 0, ""calls"": 344, ""improved"": 0, ""weight"": 1.0}}","{""energy"": {""accepted"": 334, ""best"": 0, ""calls"": 343, ""improved"": 0, ""weight"": 0.999999230536539}, ""greedy"": {""accepted"": 311, ""best"": 0, ""calls"": 322, ""improved"": 0, ""weight"": 0.9981001644677989}, ""regret2"": {""accepted"": 335, ""best"": 5, ""calls"": 335, ""improved"": 6, ""weight"": 1.0000000034737822}}",763,0.0004688414377391904,,,,,229236,,,176260,,101.4375,,/Users/guoyiyang/Documents/GitHub/FURP-2026-Yiyang-GUO-EVRP-TW/results/week05_advanced/raw/primary-c104C10-alns_exact_charging-2014.json,/Users/guoyiyang/Documents/GitHub/FURP-2026-Yiyang-GUO-EVRP-TW/results/week05_advanced/solutions/primary-c104C10-alns_exact_charging-2014.json,1,30.0
primary-c104C10-alns_exact_charging-2015,2026-07-12T17:04:53.986523+00:00,2026-07-12T17:04:54.343607+00:00,Primary,c104C10,c104C10,ALNS_EXACT_CHARGING,primary ALNS-based matheuristic,bd9787f5ab1df174246303e854e9be04d56fb270+dirty,2015,10,4,200.0,77.75,26.1725046566048,52.3450093132096,1.4853373993073162,1.0,EUC_2D (unrounded Euclidean distance),2,279.9331190586651,279.9331190586651,279.9331190586651,180.22158112867666,625.368886516508,feasible,True,False,nan,,,,,,,0.026541333998466143,0.10959741699844017,0.35698908400081564,0.3566229999999999,0.3570841250002559,1000,949,51,"{""random"": {""accepted"": 313, ""best"": 1, ""calls"": 330, ""improved"": 3, ""weight"": 0.9994307713119679}, ""related"": {""accepted"": 303, ""best"": 2, ""calls"": 337, ""improved"": 3, ""weight"": 0.9982503203404323}, ""worst"": {""accepted"": 333, ""best"": 1, ""calls"": 333, ""improved"": 2, ""weight"": 1.0000000000000007}}","{""energy"": {""accepted"": 288, ""best"": 3, ""calls"": 308, ""improved"": 3, ""weight"": 0.9969591206770707}, ""greedy"": {""accepted"": 314, ""best"": 0, ""calls"": 345, ""improved"": 2, ""weight"": 0.9998782845734218}, ""regret2"": {""accepted"": 347, ""best"": 1, ""calls"": 347, ""improved"": 3, ""weight"": 1.0000000000000007}}",737,0.00041792332426253284,,,,,195670,,,149766,,101.4375,,/Users/guoyiyang/Documents/GitHub/FURP-2026-Yiyang-GUO-EVRP-TW/results/week05_advanced/raw/primary-c104C10-alns_exact_charging-2015.json,/Users/guoyiyang/Documents/GitHub/FURP-2026-Yiyang-GUO-EVRP-TW/results/week05_advanced/solutions/primary-c104C10-alns_exact_charging-2015.json,1,30.0
primary-c104C10-alns_exact_charging-2016,2026-07-12T17:04:54.356754+00:00,2026-07-12T17:04:55.102784+00:00,Primary,c104C10,c104C10,ALNS_EXACT_CHARGING,primary ALNS-based matheuristic,bd9787f5ab1df174246303e854e9be04d56fb270+dirty,2016,10,4,200.0,77.75,26.1725046566048,52.3450093132096,1.4853373993073162,1.0,EUC_2D (unrounded Euclidean distance),2,279.9331190586651,279.9331190586651,279.9331190586651,180.22158112867666,625.368886516508,feasible,True,False,nan,,,,,,,0.026505583002290223,0.517567291000887,0.7458526250011346,0.7449649999999997,0.7460303330008173,1000,967,33,"{""random"": {""accepted"": 348, ""best"": 6, ""calls"": 366, ""improved"": 12, ""weight"": 0.999999614049156}, ""related"": {""accepted"": 287, ""best"": 2, ""calls"": 301, ""improved"": 2, ""weight"": 0.7998335154063083}, ""worst"": {""accepted"": 332, ""best"": 0, ""calls"": 333, ""improved"": 4, ""weight"": 1.0000000000000007}}","{""energy"": {""accepted"": 306, ""best"": 2, ""calls"": 318, ""improved"": 3, ""weight"": 0.9999995192858631}, ""greedy"": {""accepted"": 295, ""best"": 3, ""calls"": 315, ""improved"": 6, ""weight"": 0.8717398678191386}, ""regret2"": {""accepted"": 366, ""best"": 3, ""calls"": 367, ""improved"": 9, ""weight"": 1.0000000000000007}}",1605,0.0004288809457840978,,,,,442766,,,339384,,101.71875,,/Users/guoyiyang/Documents/GitHub/FURP-2026-Yiyang-GUO-EVRP-TW/results/week05_advanced/raw/primary-c104C10-alns_exact_charging-2016.json,/Users/guoyiyang/Documents/GitHub/FURP-2026-Yiyang-GUO-EVRP-TW/results/week05_advanced/solutions/primary-c104C10-alns_exact_charging-2016.json,1,30.0
primary-c104C10-or_tools_vrptw-0,2026-07-12T17:04:55.116521+00:00,2026-07-12T17:04:55.118788+00:00,Primary,c104C10,c104C10,OR_TOOLS_VRPTW,classical VRPTW baseline; no charging optimization,bd9787f5ab1df174246303e854e9be04d56fb270+dirty,0,10,4,200.0,77.75,26.1725046566048,52.3450093132096,1.4853373993073162,1.0,EUC_2D (unrounded Euclidean distance),1,262.4431244089896,262.4431244089896,262.4431244089896,0.0,0.0,invalid,False,False,nan,,,,,,,,,0.0022651670005870983,0.0022569999999997314,0.0022651670005870983,,,,,,,,,,,,,,,,,102.265625,battery depleted on leg 4 (C3->C22) | battery depleted on leg 5 (C22->C34) | battery depleted on leg 6 (C34->C48) | battery depleted on leg 7 (C48->C42) | battery depleted on leg 8 (C42->C57) | battery depleted on leg 9 (C57->C80) | battery depleted on leg 10 (C80->C72) | battery depleted on leg 11 (C72->D0),/Users/guoyiyang/Documents/GitHub/FURP-2026-Yiyang-GUO-EVRP-TW/results/week05_advanced/raw/primary-c104C10-or_tools_vrptw-0.json,/Users/guoyiyang/Documents/GitHub/FURP-2026-Yiyang-GUO-EVRP-TW/results/week05_advanced/solutions/primary-c104C10-or_tools_vrptw-0.json,1,30.0
primary-c104C10-ga_vrptw-2014,2026-07-12T17:04:55.131630+00:00,2026-07-12T17:04:55.300776+00:00,Primary,c104C10,c104C10,GA_VRPTW,weak baseline; chromosome decoder has no exact station insertion,bd9787f5ab1df174246303e854e9be04d56fb270+dirty,2014,10,4,200.0,77.75,26.1725046566048,52.3450093132096,1.4853373993073162,1.0,EUC_2D (unrounded Euclidean distance),6,438.33476121035426,438.33476121035426,438.33476121035426,0.0,0.0,invalid,False,False,nan,,,,,,,,,0.16914087499753805,0.16888899999999962,0.16914087499753805,,,,,,,,,,,,,,,,,102.546875,battery depleted on leg 2 (C80->D0),/Users/guoyiyang/Documents/GitHub/FURP-2026-Yiyang-GUO-EVRP-TW/results/week05_advanced/raw/primary-c104C10-ga_vrptw-2014.json,/Users/guoyiyang/Documents/GitHub/FURP-2026-Yiyang-GUO-EVRP-TW/results/week05_advanced/solutions/primary-c104C10-ga_vrptw-2014.json,1,30.0
primary-c104C10-ga_vrptw-2015,2026-07-12T17:04:55.314637+00:00,2026-07-12T17:04:55.483371+00:00,Primary,c104C10,c104C10,GA_VRPTW,weak baseline; chromosome decoder has no exact station insertion,bd9787f5ab1df174246303e854e9be04d56fb270+dirty,2015,10,4,200.0,77.75,26.1725046566048,52.3450093132096,1.4853373993073162,1.0,EUC_2D (unrounded Euclidean distance),6,438.33476121035426,438.33476121035426,438.33476121035426,0.0,0.0,invalid,False,False,nan,,,,,,,,,0.16873329200097942,0.16852199999999984,0.16873329200097942,,,,,,,,,,,,,,,,,102.640625,battery depleted on leg 2 (C80->D0),/Users/guoyiyang/Documents/GitHub/FURP-2026-Yiyang-GUO-EVRP-TW/results/week05_advanced/raw/primary-c104C10-ga_vrptw-2015.json,/Users/guoyiyang/Documents/GitHub/FURP-2026-Yiyang-GUO-EVRP-TW/results/week05_advanced/solutions/primary-c104C10-ga_vrptw-2015.json,1,30.0
primary-c104C10-ga_vrptw-2016,2026-07-12T17:04:55.497293+00:00,2026-07-12T17:04:55.665461+00:00,Primary,c104C10,c104C10,GA_VRPTW,weak baseline; chromosome decoder has no exact station insertion,bd9787f5ab1df174246303e854e9be04d56fb270+dirty,2016,10,4,200.0,77.75,26.1725046566048,52.3450093132096,1.4853373993073162,1.0,EUC_2D (unrounded Euclidean distance),6,438.33476121035426,438.33476121035426,438.33476121035426,0.0,0.0,invalid,False,False,nan,,,,,,,,,0.16816958300114493,0.16800300000000012,0.16816958300114493,,,,,,,,,,,,,,,,,102.71875,battery depleted on leg 2 (C80->D0),/Users/guoyiyang/Documents/GitHub/FURP-2026-Yiyang-GUO-EVRP-TW/results/week05_advanced/raw/primary-c104C10-ga_vrptw-2016.json,/Users/guoyiyang/Documents/GitHub/FURP-2026-Yiyang-GUO-EVRP-TW/results/week05_advanced/solutions/primary-c104C10-ga_vrptw-2016.json,1,30.0
primary-r103C10-branch_price_and_cut-0,2026-07-12T17:04:55.679715+00:00,2026-07-12T17:04:55.679715+00:00,Primary,r103C10,r103C10,BRANCH_PRICE_AND_CUT,small-scale exact theoretical reference,bd9787f5ab1df174246303e854e9be04d56fb270+dirty,0,10,3,200.0,60.63,27.586228448267445,55.17245689653489,1.0989178914707327,1.0,EUC_2D (unrounded Euclidean distance),,,,,,,not_applicable,False,False,,,,,,,,,,0.0,0.0,0.0,,,,,,,,,,,,,,,,,0.0,exact enumerated-column BPC is limited to at most 8 customers,/Users/guoyiyang/Documents/GitHub/FURP-2026-Yiyang-GUO-EVRP-TW/results/week05_advanced/raw/primary-r103C10-branch_price_and_cut-0.json,/Users/guoyiyang/Documents/GitHub/FURP-2026-Yiyang-GUO-EVRP-TW/results/week05_advanced/solutions/primary-r103C10-branch_price_and_cut-0.json,1,30.0
primary-r103C10-alns_exact_charging-2014,2026-07-12T17:04:55.692591+00:00,2026-07-12T17:04:56.314804+00:00,Primary,r103C10,r103C10,ALNS_EXACT_CHARGING,primary ALNS-based matheuristic,bd9787f5ab1df174246303e854e9be04d56fb270+dirty,2014,10,3,200.0,60.63,27.586228448267445,55.17245689653489,1.0989178914707327,1.0,EUC_2D (unrounded Euclidean distance),3,202.85268574464004,202.85268574464004,202.85268574464004,62.15853602829506,30.45768265386458,feasible,True,False,nan,,,,,,,0.023344333003478823,0.0660630830025184,0.6220462080018478,0.6208170000000002,0.6222120420025021,1000,954,46,"{""random"": {""accepted"": 365, ""best"": 0, ""calls"": 370, ""improved"": 32, ""weight"": 1.0371890668981123}, ""related"": {""accepted"": 299, ""best"": 1, ""calls"": 340, ""improved"": 25, ""weight"": 0.3813963191320963}, ""worst"": {""accepted"": 290, ""best"": 0, ""calls"": 290, ""improved"": 1, ""weight"": 1.0000000000000007}}","{""energy"": {""accepted"": 298, ""best"": 0, ""calls"": 312, ""improved"": 14, ""weight"": 0.6993035603113154}, ""greedy"": {""accepted"": 321, ""best"": 1, ""calls"": 338, ""improved"": 19, ""weight"": 0.8518485336751973}, ""regret2"": {""accepted"": 335, ""best"": 0, ""calls"": 350, ""improved"": 25, ""weight"": 0.8181309522542553}}",1551,0.00037050861250132914,,,,,311550,,,215842,,102.890625,,/Users/guoyiyang/Documents/GitHub/FURP-2026-Yiyang-GUO-EVRP-TW/results/week05_advanced/raw/primary-r103C10-alns_exact_charging-2014.json,/Users/guoyiyang/Documents/GitHub/FURP-2026-Yiyang-GUO-EVRP-TW/results/week05_advanced/solutions/primary-r103C10-alns_exact_charging-2014.json,1,30.0
primary-r103C10-alns_exact_charging-2015,2026-07-12T17:04:56.330009+00:00,2026-07-12T17:04:56.892411+00:00,Primary,r103C10,r103C10,ALNS_EXACT_CHARGING,primary ALNS-based matheuristic,bd9787f5ab1df174246303e854e9be04d56fb270+dirty,2015,10,3,200.0,60.63,27.586228448267445,55.17245689653489,1.0989178914707327,1.0,EUC_2D (unrounded Euclidean distance),3,202.85268574464004,202.85268574464004,202.85268574464004,62.15853602829506,30.45768265386458,feasible,True,False,nan,,,,,,,0.02381437500298489,0.0549922090031032,0.562247625002783,0.555523,0.5623996249996708,1000,925,75,"{""random"": {""accepted"": 374, ""best"": 1, ""calls"": 384, ""improved"": 31, ""weight"": 0.9799286975896893}, ""related"": {""accepted"": 236, ""best"": 0, ""calls"": 301, ""improved"": 23, ""weight"": 0.5620205130763849}, ""worst"": {""accepted"": 315, ""best"": 0, ""calls"": 315, ""improved"": 3, ""weight"": 1.000000000002876}}","{""energy"": {""accepted"": 290, ""best"": 0, ""calls"": 315, ""improved"": 15, ""weight"": 0.7773734237360066}, ""greedy"": {""accepted"": 314, ""best"": 0, ""calls"": 343, ""improved"": 20, ""weight"": 0.7552508323302436}, ""regret2"": {""accepted"": 321, ""best"": 1, ""calls"": 342, ""improved"": 22, ""weight"": 0.8008514944393952}}",1441,0.0003553806787165186,,,,,268404,,,185566,,102.890625,,/Users/guoyiyang/Documents/GitHub/FURP-2026-Yiyang-GUO-EVRP-TW/results/week05_advanced/raw/primary-r103C10-alns_exact_charging-2015.json,/Users/guoyiyang/Documents/GitHub/FURP-2026-Yiyang-GUO-EVRP-TW/results/week05_advanced/solutions/primary-r103C10-alns_exact_charging-2015.json,1,30.0
primary-r103C10-alns_exact_charging-2016,2026-07-12T17:04:56.906409+00:00,2026-07-12T17:04:57.417734+00:00,Primary,r103C10,r103C10,ALNS_EXACT_CHARGING,primary ALNS-based matheuristic,bd9787f5ab1df174246303e854e9be04d56fb270+dirty,2016,10,3,200.0,60.63,27.586228448267445,55.17245689653489,1.0989178914707327,1.0,EUC_2D (unrounded Euclidean distance),3,202.85268574464004,202.85268574464004,202.85268574464004,87.05663557044551,42.6577514295183,feasible,True,False,nan,,,,,,,0.023142875001212815,0.04169545900003868,0.5111795000011625,0.5104700000000006,0.5113248329980706,1000,958,42,"{""random"": {""accepted"": 339, ""best"": 0, ""calls"": 346, ""improved"": 21, ""weight"": 0.9999892990111443}, ""related"": {""accepted"": 291, ""best"": 2, ""calls"": 326, ""improved"": 31, ""weight"": 0.9566385934944683}, ""worst"": {""accepted"": 328, ""best"": 0, ""calls"": 328, ""improved"": 3, ""weight"": 1.0000000000000007}}","{""energy"": {""accepted"": 303, ""best"": 0, ""calls"": 312, ""improved"": 12, ""weight"": 1.00015074722522}, ""greedy"": {""accepted"": 310, ""best"": 1, ""calls"": 330, ""improved"": 17, ""weight"": 1.0006039914596059}, ""regret2"": {""accepted"": 345, ""best"": 1, ""calls"": 358, ""improved"": 26, ""weight"": 0.9653111030086079}}",1320,0.0003527724143582005,,,,,253290,,,175284,,102.90625,,/Users/guoyiyang/Documents/GitHub/FURP-2026-Yiyang-GUO-EVRP-TW/results/week05_advanced/raw/primary-r103C10-alns_exact_charging-2016.json,/Users/guoyiyang/Documents/GitHub/FURP-2026-Yiyang-GUO-EVRP-TW/results/week05_advanced/solutions/primary-r103C10-alns_exact_charging-2016.json,1,30.0
primary-r103C10-or_tools_vrptw-0,2026-07-12T17:04:57.431101+00:00,2026-07-12T17:04:57.434050+00:00,Primary,r103C10,r103C10,OR_TOOLS_VRPTW,classical VRPTW baseline; no charging optimization,bd9787f5ab1df174246303e854e9be04d56fb270+dirty,0,10,3,200.0,60.63,27.586228448267445,55.17245689653489,1.0989178914707327,1.0,EUC_2D (unrounded Euclidean distance),3,191.32900624219155,191.32900624219155,191.32900624219155,0.0,0.0,invalid,False,False,nan,,,,,,,,,0.0029469159999280237,0.002945999999999671,0.0029469159999280237,,,,,,,,,,,,,,,,,102.96875,battery depleted on leg 5 (C18->D0) | battery depleted on leg 4 (C81->C27) | battery depleted on leg 5 (C27->D0),/Users/guoyiyang/Documents/GitHub/FURP-2026-Yiyang-GUO-EVRP-TW/results/week05_advanced/raw/primary-r103C10-or_tools_vrptw-0.json,/Users/guoyiyang/Documents/GitHub/FURP-2026-Yiyang-GUO-EVRP-TW/results/week05_advanced/solutions/primary-r103C10-or_tools_vrptw-0.json,1,30.0
primary-r103C10-ga_vrptw-2014,2026-07-12T17:04:57.446741+00:00,2026-07-12T17:04:57.612470+00:00,Primary,r103C10,r103C10,GA_VRPTW,weak baseline; chromosome decoder has no exact station insertion,bd9787f5ab1df174246303e854e9be04d56fb270+dirty,2014,10,3,200.0,60.63,27.586228448267445,55.17245689653489,1.0989178914707327,1.0,EUC_2D (unrounded Euclidean distance),5,251.76275002372927,251.76275002372927,251.76275002372927,0.0,0.0,feasible,True,False,nan,,,,,,,,,0.16572733400244033,0.16536299999999926,0.16572733400244033,,,,,,,,,,,,,,,,,102.96875,,/Users/guoyiyang/Documents/GitHub/FURP-2026-Yiyang-GUO-EVRP-TW/results/week05_advanced/raw/primary-r103C10-ga_vrptw-2014.json,/Users/guoyiyang/Documents/GitHub/FURP-2026-Yiyang-GUO-EVRP-TW/results/week05_advanced/solutions/primary-r103C10-ga_vrptw-2014.json,1,30.0
primary-r103C10-ga_vrptw-2015,2026-07-12T17:04:57.625611+00:00,2026-07-12T17:04:57.788826+00:00,Primary,r103C10,r103C10,GA_VRPTW,weak baseline; chromosome decoder has no exact station insertion,bd9787f5ab1df174246303e854e9be04d56fb270+dirty,2015,10,3,200.0,60.63,27.586228448267445,55.17245689653489,1.0989178914707327,1.0,EUC_2D (unrounded Euclidean distance),5,248.35325423306875,248.35325423306875,248.35325423306875,0.0,0.0,feasible,True,False,nan,,,,,,,,,0.1632129999998142,0.16299000000000063,0.1632129999998142,,,,,,,,,,,,,,,,,102.96875,,/Users/guoyiyang/Documents/GitHub/FURP-2026-Yiyang-GUO-EVRP-TW/results/week05_advanced/raw/primary-r103C10-ga_vrptw-2015.json,/Users/guoyiyang/Documents/GitHub/FURP-2026-Yiyang-GUO-EVRP-TW/results/week05_advanced/solutions/primary-r103C10-ga_vrptw-2015.json,1,30.0
primary-r103C10-ga_vrptw-2016,2026-07-12T17:04:57.801905+00:00,2026-07-12T17:04:57.965397+00:00,Primary,r103C10,r103C10,GA_VRPTW,weak baseline; chromosome decoder has no exact station insertion,bd9787f5ab1df174246303e854e9be04d56fb270+dirty,2016,10,3,200.0,60.63,27.586228448267445,55.17245689653489,1.0989178914707327,1.0,EUC_2D (unrounded Euclidean distance),5,248.35325423306875,248.35325423306875,248.35325423306875,0.0,0.0,feasible,True,False,nan,,,,,,,,,0.16349404200082063,0.16329500000000063,0.16349404200082063,,,,,,,,,,,,,,,,,102.96875,,/Users/guoyiyang/Documents/GitHub/FURP-2026-Yiyang-GUO-EVRP-TW/results/week05_advanced/raw/primary-r103C10-ga_vrptw-2016.json,/Users/guoyiyang/Documents/GitHub/FURP-2026-Yiyang-GUO-EVRP-TW/results/week05_advanced/solutions/primary-r103C10-ga_vrptw-2016.json,1,30.0
primary-rc102C10-branch_price_and_cut-0,2026-07-12T17:04:57.979391+00:00,2026-07-12T17:04:57.979391+00:00,Primary,rc102C10,rc102C10,BRANCH_PRICE_AND_CUT,small-scale exact theoretical reference,bd9787f5ab1df174246303e854e9be04d56fb270+dirty,0,10,4,200.0,77.75,37.73592452822641,75.47184905645283,1.0301854396311811,1.0,EUC_2D (unrounded Euclidean distance),,,,,,,not_applicable,False,False,,,,,,,,,,0.0,0.0,0.0,,,,,,,,,,,,,,,,,0.0,exact enumerated-column BPC is limited to at most 8 customers,/Users/guoyiyang/Documents/GitHub/FURP-2026-Yiyang-GUO-EVRP-TW/results/week05_advanced/raw/primary-rc102C10-branch_price_and_cut-0.json,/Users/guoyiyang/Documents/GitHub/FURP-2026-Yiyang-GUO-EVRP-TW/results/week05_advanced/solutions/primary-rc102C10-branch_price_and_cut-0.json,1,30.0
primary-rc102C10-alns_exact_charging-2014,2026-07-12T17:04:57.992207+00:00,2026-07-12T17:04:58.140085+00:00,Primary,rc102C10,rc102C10,ALNS_EXACT_CHARGING,primary ALNS-based matheuristic,bd9787f5ab1df174246303e854e9be04d56fb270+dirty,2014,10,4,200.0,77.75,37.73592452822641,75.47184905645283,1.0301854396311811,1.0,EUC_2D (unrounded Euclidean distance),4,423.5101819239308,423.5101819239308,423.5101819239308,177.90413648862793,69.38261323056489,feasible,True,False,nan,,,,,,,0.014031541999429464,0.014031541999429464,0.14778904199920362,0.14773199999999953,0.14787358299872722,1000,904,96,"{""random"": {""accepted"": 340, ""best"": 0, ""calls"": 362, ""improved"": 11, ""weight"": 0.9976659254213776}, ""related"": {""accepted"": 205, ""best"": 0, ""calls"": 279, ""improved"": 3, ""weight"": 0.5649210356894148}, ""worst"": {""accepted"": 359, ""best"": 0, ""calls"": 359, ""improved"": 0, ""weight"": 1.0}}","{""energy"": {""accepted"": 264, ""best"": 0, ""calls"": 297, ""improved"": 4, ""weight"": 0.7496401135042556}, ""greedy"": {""accepted"": 291, ""best"": 0, ""calls"": 336, ""improved"": 3, ""weight"": 0.8375821175599518}, ""regret2"": {""accepted"": 349, ""best"": 0, ""calls"": 367, ""improved"": 7, ""weight"": 0.9997254362366166}}",609,0.00020447971585024324,,,,,84026,,,64162,,102.96875,,/Users/guoyiyang/Documents/GitHub/FURP-2026-Yiyang-GUO-EVRP-TW/results/week05_advanced/raw/primary-rc102C10-alns_exact_charging-2014.json,/Users/guoyiyang/Documents/GitHub/FURP-2026-Yiyang-GUO-EVRP-TW/results/week05_advanced/solutions/primary-rc102C10-alns_exact_charging-2014.json,1,30.0
primary-rc102C10-alns_exact_charging-2015,2026-07-12T17:04:58.153510+00:00,2026-07-12T17:04:58.296094+00:00,Primary,rc102C10,rc102C10,ALNS_EXACT_CHARGING,primary ALNS-based matheuristic,bd9787f5ab1df174246303e854e9be04d56fb270+dirty,2015,10,4,200.0,77.75,37.73592452822641,75.47184905645283,1.0301854396311811,1.0,EUC_2D (unrounded Euclidean distance),4,423.5101819239308,423.5101819239308,423.5101819239308,177.90413648862793,69.38261323056489,feasible,True,False,nan,,,,,,,0.014034042000275804,0.014034042000275804,0.14251333399806754,0.14233899999999977,0.14258233399959863,1000,920,80,"{""random"": {""accepted"": 371, ""best"": 0, ""calls"": 397, ""improved"": 19, ""weight"": 0.9426732814033065}, ""related"": {""accepted"": 202, ""best"": 0, ""calls"": 256, ""improved"": 1, ""weight"": 0.4941681974368483}, ""worst"": {""accepted"": 347, ""best"": 0, ""calls"": 347, ""improved"": 0, ""weight"": 1.0}}","{""energy"": {""accepted"": 303, ""best"": 0, ""calls"": 338, ""improved"": 9, ""weight"": 0.9733746128458234}, ""greedy"": {""accepted"": 324, ""best"": 0, ""calls"": 353, ""improved"": 7, ""weight"": 0.72203646505991}, ""regret2"": {""accepted"": 293, ""best"": 0, ""calls"": 309, ""improved"": 4, ""weight"": 0.9326563146006768}}",584,0.00020500240243439305,,,,,80602,,,61552,,102.96875,,/Users/guoyiyang/Documents/GitHub/FURP-2026-Yiyang-GUO-EVRP-TW/results/week05_advanced/raw/primary-rc102C10-alns_exact_charging-2015.json,/Users/guoyiyang/Documents/GitHub/FURP-2026-Yiyang-GUO-EVRP-TW/results/week05_advanced/solutions/primary-rc102C10-alns_exact_charging-2015.json,1,30.0
primary-rc102C10-alns_exact_charging-2016,2026-07-12T17:04:58.309074+00:00,2026-07-12T17:04:58.446725+00:00,Primary,rc102C10,rc102C10,ALNS_EXACT_CHARGING,primary ALNS-based matheuristic,bd9787f5ab1df174246303e854e9be04d56fb270+dirty,2016,10,4,200.0,77.75,37.73592452822641,75.47184905645283,1.0301854396311811,1.0,EUC_2D (unrounded Euclidean distance),4,423.5101819239308,423.5101819239308,423.5101819239308,177.90413648862793,69.38261323056489,feasible,True,False,nan,,,,,,,0.013976999998703832,0.013976999998703832,0.1375830409997434,0.13751099999999994,0.13764908299708623,1000,916,84,"{""random"": {""accepted"": 359, ""best"": 0, ""calls"": 374, ""improved"": 17, ""weight"": 0.8154636616778601}, ""related"": {""accepted"": 216, ""best"": 0, ""calls"": 285, ""improved"": 7, ""weight"": 0.7873158830421934}, ""worst"": {""accepted"": 341, ""best"": 0, ""calls"": 341, ""improved"": 0, ""weight"": 1.0}}","{""energy"": {""accepted"": 291, ""best"": 0, ""calls"": 323, ""improved"": 8, ""weight"": 0.8163136601727392}, ""greedy"": {""accepted"": 265, ""best"": 0, ""calls"": 303, ""improved"": 4, ""weight"": 0.9425788452791799}, ""regret2"": {""accepted"": 360, ""best"": 0, ""calls"": 374, ""improved"": 12, ""weight"": 0.8399964082097024}}",580,0.0001976127828035307,,,,,77580,,,59220,,102.96875,,/Users/guoyiyang/Documents/GitHub/FURP-2026-Yiyang-GUO-EVRP-TW/results/week05_advanced/raw/primary-rc102C10-alns_exact_charging-2016.json,/Users/guoyiyang/Documents/GitHub/FURP-2026-Yiyang-GUO-EVRP-TW/results/week05_advanced/solutions/primary-rc102C10-alns_exact_charging-2016.json,1,30.0
primary-rc102C10-or_tools_vrptw-0,2026-07-12T17:04:58.459742+00:00,2026-07-12T17:04:58.462720+00:00,Primary,rc102C10,rc102C10,OR_TOOLS_VRPTW,classical VRPTW baseline; no charging optimization,bd9787f5ab1df174246303e854e9be04d56fb270+dirty,0,10,4,200.0,77.75,37.73592452822641,75.47184905645283,1.0301854396311811,1.0,EUC_2D (unrounded Euclidean distance),3,384.81723515153885,384.81723515153885,384.81723515153885,0.0,0.0,invalid,False,False,nan,,,,,,,,,0.0029731249996984843,0.002966999999999942,0.0029731249996984843,,,,,,,,,,,,,,,,,103.0,battery depleted on leg 3 (C49->C26) | battery depleted on leg 4 (C26->D0) | battery depleted on leg 3 (C45->C70) | battery depleted on leg 4 (C70->D0) | battery depleted on leg 3 (C11->C92) | battery depleted on leg 4 (C92->C54) | battery depleted on leg 5 (C54->D0),/Users/guoyiyang/Documents/GitHub/FURP-2026-Yiyang-GUO-EVRP-TW/results/week05_advanced/raw/primary-rc102C10-or_tools_vrptw-0.json,/Users/guoyiyang/Documents/GitHub/FURP-2026-Yiyang-GUO-EVRP-TW/results/week05_advanced/solutions/primary-rc102C10-or_tools_vrptw-0.json,1,30.0
primary-rc102C10-ga_vrptw-2014,2026-07-12T17:04:58.475218+00:00,2026-07-12T17:04:58.645966+00:00,Primary,rc102C10,rc102C10,GA_VRPTW,weak baseline; chromosome decoder has no exact station insertion,bd9787f5ab1df174246303e854e9be04d56fb270+dirty,2014,10,4,200.0,77.75,37.73592452822641,75.47184905645283,1.0301854396311811,1.0,EUC_2D (unrounded Euclidean distance),6,485.79679982353684,485.79679982353684,485.79679982353684,0.0,0.0,invalid,False,False,nan,,,,,,,,,0.17074575000151526,0.17059099999999994,0.17074575000151526,,,,,,,,,,,,,,,,,103.015625,battery depleted on leg 2 (C26->D0),/Users/guoyiyang/Documents/GitHub/FURP-2026-Yiyang-GUO-EVRP-TW/results/week05_advanced/raw/primary-rc102C10-ga_vrptw-2014.json,/Users/guoyiyang/Documents/GitHub/FURP-2026-Yiyang-GUO-EVRP-TW/results/week05_advanced/solutions/primary-rc102C10-ga_vrptw-2014.json,1,30.0
primary-rc102C10-ga_vrptw-2015,2026-07-12T17:04:58.658657+00:00,2026-07-12T17:04:58.829756+00:00,Primary,rc102C10,rc102C10,GA_VRPTW,weak baseline; chromosome decoder has no exact station insertion,bd9787f5ab1df174246303e854e9be04d56fb270+dirty,2015,10,4,200.0,77.75,37.73592452822641,75.47184905645283,1.0301854396311811,1.0,EUC_2D (unrounded Euclidean distance),6,485.79679982353684,485.79679982353684,485.79679982353684,0.0,0.0,invalid,False,False,nan,,,,,,,,,0.17109766700014006,0.17090799999999984,0.17109766700014006,,,,,,,,,,,,,,,,,103.015625,battery depleted on leg 2 (C26->D0),/Users/guoyiyang/Documents/GitHub/FURP-2026-Yiyang-GUO-EVRP-TW/results/week05_advanced/raw/primary-rc102C10-ga_vrptw-2015.json,/Users/guoyiyang/Documents/GitHub/FURP-2026-Yiyang-GUO-EVRP-TW/results/week05_advanced/solutions/primary-rc102C10-ga_vrptw-2015.json,1,30.0
primary-rc102C10-ga_vrptw-2016,2026-07-12T17:04:58.843237+00:00,2026-07-12T17:04:59.016828+00:00,Primary,rc102C10,rc102C10,GA_VRPTW,weak baseline; chromosome decoder has no exact station insertion,bd9787f5ab1df174246303e854e9be04d56fb270+dirty,2016,10,4,200.0,77.75,37.73592452822641,75.47184905645283,1.0301854396311811,1.0,EUC_2D (unrounded Euclidean distance),6,485.79679982353684,485.79679982353684,485.79679982353684,0.0,0.0,invalid,False,False,nan,,,,,,,,,0.1735909580020234,0.17337399999999992,0.1735909580020234,,,,,,,,,,,,,,,,,103.015625,battery depleted on leg 2 (C26->D0),/Users/guoyiyang/Documents/GitHub/FURP-2026-Yiyang-GUO-EVRP-TW/results/week05_advanced/raw/primary-rc102C10-ga_vrptw-2016.json,/Users/guoyiyang/Documents/GitHub/FURP-2026-Yiyang-GUO-EVRP-TW/results/week05_advanced/solutions/primary-rc102C10-ga_vrptw-2016.json,1,30.0
primary-c106C15-branch_price_and_cut-0,2026-07-12T17:04:59.029725+00:00,2026-07-12T17:04:59.029725+00:00,Primary,c106C15,c106C15,BRANCH_PRICE_AND_CUT,small-scale exact theoretical reference,bd9787f5ab1df174246303e854e9be04d56fb270+dirty,0,15,3,200.0,77.75,28.861739379323623,57.723478758647246,1.3469389176124922,1.0,EUC_2D (unrounded Euclidean distance),,,,,,,not_applicable,False,False,,,,,,,,,,0.0,0.0,0.0,,,,,,,,,,,,,,,,,0.0,exact enumerated-column BPC is limited to at most 8 customers,/Users/guoyiyang/Documents/GitHub/FURP-2026-Yiyang-GUO-EVRP-TW/results/week05_advanced/raw/primary-c106C15-branch_price_and_cut-0.json,/Users/guoyiyang/Documents/GitHub/FURP-2026-Yiyang-GUO-EVRP-TW/results/week05_advanced/solutions/primary-c106C15-branch_price_and_cut-0.json,1,30.0
primary-c106C15-alns_exact_charging-2014,2026-07-12T17:04:59.041878+00:00,2026-07-12T17:05:00.377363+00:00,Primary,c106C15,c106C15,ALNS_EXACT_CHARGING,primary ALNS-based matheuristic,bd9787f5ab1df174246303e854e9be04d56fb270+dirty,2014,15,3,200.0,77.75,28.861739379323623,57.723478758647246,1.3469389176124922,1.0,EUC_2D (unrounded Euclidean distance),3,275.1331688731623,275.1331688731623,275.1331688731623,126.22178535625447,437.989595186203,feasible,True,False,nan,,,,,,,0.033112290999270044,0.518432415999996,1.3351730829999724,1.333843,1.3354866660010885,1000,978,22,"{""random"": {""accepted"": 314, ""best"": 3, ""calls"": 325, ""improved"": 8, ""weight"": 0.9890010078534683}, ""related"": {""accepted"": 333, ""best"": 1, ""calls"": 344, ""improved"": 5, ""weight"": 0.9993947883202121}, ""worst"": {""accepted"": 331, ""best"": 2, ""calls"": 331, ""improved"": 4, ""weight"": 1.0000000000011275}}","{""energy"": {""accepted"": 275, ""best"": 1, ""calls"": 289, ""improved"": 5, ""weight"": 0.9992193923700057}, ""greedy"": {""accepted"": 346, ""best"": 1, ""calls"": 353, ""improved"": 4, ""weight"": 0.9580560246392733}, ""regret2"": {""accepted"": 357, ""best"": 4, ""calls"": 358, ""improved"": 8, ""weight"": 1.0000000000000069}}",3877,0.00032480632290281334,,,,,684206,,,476942,,103.953125,,/Users/guoyiyang/Documents/GitHub/FURP-2026-Yiyang-GUO-EVRP-TW/results/week05_advanced/raw/primary-c106C15-alns_exact_charging-2014.json,/Users/guoyiyang/Documents/GitHub/FURP-2026-Yiyang-GUO-EVRP-TW/results/week05_advanced/solutions/primary-c106C15-alns_exact_charging-2014.json,1,30.0
primary-c106C15-alns_exact_charging-2015,2026-07-12T17:05:00.391236+00:00,2026-07-12T17:05:01.657880+00:00,Primary,c106C15,c106C15,ALNS_EXACT_CHARGING,primary ALNS-based matheuristic,bd9787f5ab1df174246303e854e9be04d56fb270+dirty,2015,15,3,200.0,77.75,28.861739379323623,57.723478758647246,1.3469389176124922,1.0,EUC_2D (unrounded Euclidean distance),3,275.1331688731623,275.1331688731623,275.1331688731623,126.22178535625447,437.989595186203,feasible,True,False,nan,,,,,,,0.03298420800274471,0.4030367080013093,1.266379416003474,1.265034,1.2666442090012424,1000,981,19,"{""random"": {""accepted"": 313, ""best"": 2, ""calls"": 323, ""improved"": 3, ""weight"": 0.9457265254562506}, ""related"": {""accepted"": 330, ""best"": 4, ""calls"": 338, ""improved"": 5, ""weight"": 0.8717523080248213}, ""worst"": {""accepted"": 338, ""best"": 1, ""calls"": 339, ""improved"": 4, ""weight"": 1.0000000000000007}}","{""energy"": {""accepted"": 290, ""best"": 0, ""calls"": 306, ""improved"": 0, ""weight"": 0.8909532046901265}, ""greedy"": {""accepted"": 346, ""best"": 3, ""calls"": 349, ""improved"": 6, ""weight"": 0.9999999994001771}, ""regret2"": {""accepted"": 345, ""best"": 4, ""calls"": 345, ""improved"": 6, ""weight"": 1.0000000000000007}}",3638,0.0003273854051686738,,,,,649078,,,452580,,103.953125,,/Users/guoyiyang/Documents/GitHub/FURP-2026-Yiyang-GUO-EVRP-TW/results/week05_advanced/raw/primary-c106C15-alns_exact_charging-2015.json,/Users/guoyiyang/Documents/GitHub/FURP-2026-Yiyang-GUO-EVRP-TW/results/week05_advanced/solutions/primary-c106C15-alns_exact_charging-2015.json,1,30.0
primary-c106C15-alns_exact_charging-2016,2026-07-12T17:05:01.671151+00:00,2026-07-12T17:05:02.877344+00:00,Primary,c106C15,c106C15,ALNS_EXACT_CHARGING,primary ALNS-based matheuristic,bd9787f5ab1df174246303e854e9be04d56fb270+dirty,2016,15,3,200.0,77.75,28.861739379323623,57.723478758647246,1.3469389176124922,1.0,EUC_2D (unrounded Euclidean distance),3,275.1331688731623,275.1331688731623,275.1331688731623,126.22178535625447,437.989595186203,feasible,True,False,nan,,,,,,,0.03314387499995064,0.3821022919983079,1.2059340419982618,1.2040579999999999,1.2061945839996042,1000,979,21,"{""random"": {""accepted"": 326, ""best"": 2, ""calls"": 335, ""improved"": 6, ""weight"": 0.839516177228792}, ""related"": {""accepted"": 326, ""best"": 1, ""calls"": 338, ""improved"": 7, ""weight"": 0.9159716421172719}, ""worst"": {""accepted"": 327, ""best"": 1, ""calls"": 327, ""improved"": 4, ""weight"": 1.0000000000000007}}","{""energy"": {""accepted"": 310, ""best"": 1, ""calls"": 326, ""improved"": 4, ""weight"": 0.8635072627428031}, ""greedy"": {""accepted"": 346, ""best"": 2, ""calls"": 351, ""improved"": 7, ""weight"": 0.8399997533533117}, ""regret2"": {""accepted"": 323, ""best"": 1, ""calls"": 323, ""improved"": 6, ""weight"": 1.0000000000000016}}",3530,0.00032084919320582347,,,,,615962,,,429376,,103.953125,,/Users/guoyiyang/Documents/GitHub/FURP-2026-Yiyang-GUO-EVRP-TW/results/week05_advanced/raw/primary-c106C15-alns_exact_charging-2016.json,/Users/guoyiyang/Documents/GitHub/FURP-2026-Yiyang-GUO-EVRP-TW/results/week05_advanced/solutions/primary-c106C15-alns_exact_charging-2016.json,1,30.0
primary-c106C15-or_tools_vrptw-0,2026-07-12T17:05:02.891272+00:00,2026-07-12T17:05:02.895606+00:00,Primary,c106C15,c106C15,OR_TOOLS_VRPTW,classical VRPTW baseline; no charging optimization,bd9787f5ab1df174246303e854e9be04d56fb270+dirty,0,15,3,200.0,77.75,28.861739379323623,57.723478758647246,1.3469389176124922,1.0,EUC_2D (unrounded Euclidean distance),3,266.39549452861434,266.39549452861434,266.39549452861434,0.0,0.0,invalid,False,False,nan,,,,,,,,,0.004331374999310356,0.004329000000000249,0.004331374999310356,,,,,,,,,,,,,,,,,105.046875,battery depleted on leg 4 (C78->C84) | battery depleted on leg 5 (C84->C89) | battery depleted on leg 6 (C89->C91) | battery depleted on leg 7 (C91->D0) | battery depleted on leg 8 (C66->D0),/Users/guoyiyang/Documents/GitHub/FURP-2026-Yiyang-GUO-EVRP-TW/results/week05_advanced/raw/primary-c106C15-or_tools_vrptw-0.json,/Users/guoyiyang/Documents/GitHub/FURP-2026-Yiyang-GUO-EVRP-TW/results/week05_advanced/solutions/primary-c106C15-or_tools_vrptw-0.json,1,30.0
primary-c106C15-ga_vrptw-2014,2026-07-12T17:05:02.909964+00:00,2026-07-12T17:05:03.152688+00:00,Primary,c106C15,c106C15,GA_VRPTW,weak baseline; chromosome decoder has no exact station insertion,bd9787f5ab1df174246303e854e9be04d56fb270+dirty,2014,15,3,200.0,77.75,28.861739379323623,57.723478758647246,1.3469389176124922,1.0,EUC_2D (unrounded Euclidean distance),7,418.7195467717193,418.7195467717193,418.7195467717193,0.0,0.0,invalid,False,False,nan,,,,,,,,,0.24272149999887915,0.24205399999999955,0.24272149999887915,,,,,,,,,,,,,,,,,105.046875,battery depleted on leg 2 (C78->D0),/Users/guoyiyang/Documents/GitHub/FURP-2026-Yiyang-GUO-EVRP-TW/results/week05_advanced/raw/primary-c106C15-ga_vrptw-2014.json,/Users/guoyiyang/Documents/GitHub/FURP-2026-Yiyang-GUO-EVRP-TW/results/week05_advanced/solutions/primary-c106C15-ga_vrptw-2014.json,1,30.0
primary-c106C15-ga_vrptw-2015,2026-07-12T17:05:03.165863+00:00,2026-07-12T17:05:03.403012+00:00,Primary,c106C15,c106C15,GA_VRPTW,weak baseline; chromosome decoder has no exact station insertion,bd9787f5ab1df174246303e854e9be04d56fb270+dirty,2015,15,3,200.0,77.75,28.861739379323623,57.723478758647246,1.3469389176124922,1.0,EUC_2D (unrounded Euclidean distance),7,429.97447249218436,429.97447249218436,429.97447249218436,0.0,0.0,invalid,False,False,nan,,,,,,,,,0.23714749999999185,0.23699899999999907,0.23714749999999185,,,,,,,,,,,,,,,,,105.15625,battery depleted on leg 2 (C78->D0),/Users/guoyiyang/Documents/GitHub/FURP-2026-Yiyang-GUO-EVRP-TW/results/week05_advanced/raw/primary-c106C15-ga_vrptw-2015.json,/Users/guoyiyang/Documents/GitHub/FURP-2026-Yiyang-GUO-EVRP-TW/results/week05_advanced/solutions/primary-c106C15-ga_vrptw-2015.json,1,30.0
primary-c106C15-ga_vrptw-2016,2026-07-12T17:05:03.416412+00:00,2026-07-12T17:05:03.654816+00:00,Primary,c106C15,c106C15,GA_VRPTW,weak baseline; chromosome decoder has no exact station insertion,bd9787f5ab1df174246303e854e9be04d56fb270+dirty,2016,15,3,200.0,77.75,28.861739379323623,57.723478758647246,1.3469389176124922,1.0,EUC_2D (unrounded Euclidean distance),7,393.0866497054687,393.0866497054687,393.0866497054687,0.0,0.0,invalid,False,False,nan,,,,,,,,,0.2384022920014104,0.2382799999999996,0.2384022920014104,,,,,,,,,,,,,,,,,105.21875,battery depleted on leg 2 (C78->D0),/Users/guoyiyang/Documents/GitHub/FURP-2026-Yiyang-GUO-EVRP-TW/results/week05_advanced/raw/primary-c106C15-ga_vrptw-2016.json,/Users/guoyiyang/Documents/GitHub/FURP-2026-Yiyang-GUO-EVRP-TW/results/week05_advanced/solutions/primary-c106C15-ga_vrptw-2016.json,1,30.0
primary-r105C15-branch_price_and_cut-0,2026-07-12T17:05:03.667990+00:00,2026-07-12T17:05:03.667990+00:00,Primary,r105C15,r105C15,BRANCH_PRICE_AND_CUT,small-scale exact theoretical reference,bd9787f5ab1df174246303e854e9be04d56fb270+dirty,0,15,6,200.0,60.63,23.706539182259394,47.41307836451879,1.278761094857996,1.0,EUC_2D (unrounded Euclidean distance),,,,,,,not_applicable,False,False,,,,,,,,,,0.0,0.0,0.0,,,,,,,,,,,,,,,,,0.0,exact enumerated-column BPC is limited to at most 8 customers,/Users/guoyiyang/Documents/GitHub/FURP-2026-Yiyang-GUO-EVRP-TW/results/week05_advanced/raw/primary-r105C15-branch_price_and_cut-0.json,/Users/guoyiyang/Documents/GitHub/FURP-2026-Yiyang-GUO-EVRP-TW/results/week05_advanced/solutions/primary-r105C15-branch_price_and_cut-0.json,1,30.0
primary-r105C15-alns_exact_charging-2014,2026-07-12T17:05:03.680379+00:00,2026-07-12T17:05:05.011572+00:00,Primary,r105C15,r105C15,ALNS_EXACT_CHARGING,primary ALNS-based matheuristic,bd9787f5ab1df174246303e854e9be04d56fb270+dirty,2014,15,6,200.0,60.63,23.706539182259394,47.41307836451879,1.278761094857996,1.0,EUC_2D (unrounded Euclidean distance),4,336.1536020996758,336.1536020996758,336.1536020996758,164.66141267798022,80.68409221221032,feasible,True,False,nan,,,,,,,0.08276083400050993,0.15670733400111203,1.3310004170016327,1.3253090000000007,1.3311935419988004,1000,981,19,"{""random"": {""accepted"": 359, ""best"": 0, ""calls"": 364, ""improved"": 4, ""weight"": 0.9999999992665856}, ""related"": {""accepted"": 314, ""best"": 1, ""calls"": 328, ""improved"": 9, ""weight"": 0.9109638611287918}, ""worst"": {""accepted"": 308, ""best"": 1, ""calls"": 308, ""improved"": 1, ""weight"": 1.0000000000000007}}","{""energy"": {""accepted"": 285, ""best"": 0, ""calls"": 295, ""improved"": 0, ""weight"": 0.8719998965409173}, ""greedy"": {""accepted"": 345, ""best"": 0, ""calls"": 354, ""improved"": 4, ""weight"": 0.9943382630557827}, ""regret2"": {""accepted"": 351, ""best"": 2, ""calls"": 351, ""improved"": 10, ""weight"": 1.0000000000131237}}",2304,0.0005505166006985166,,,,,832910,,,698140,,105.515625,,/Users/guoyiyang/Documents/GitHub/FURP-2026-Yiyang-GUO-EVRP-TW/results/week05_advanced/raw/primary-r105C15-alns_exact_charging-2014.json,/Users/guoyiyang/Documents/GitHub/FURP-2026-Yiyang-GUO-EVRP-TW/results/week05_advanced/solutions/primary-r105C15-alns_exact_charging-2014.json,1,30.0
primary-r105C15-alns_exact_charging-2015,2026-07-12T17:05:05.025342+00:00,2026-07-12T17:05:06.364205+00:00,Primary,r105C15,r105C15,ALNS_EXACT_CHARGING,primary ALNS-based matheuristic,bd9787f5ab1df174246303e854e9be04d56fb270+dirty,2015,15,6,200.0,60.63,23.706539182259394,47.41307836451879,1.278761094857996,1.0,EUC_2D (unrounded Euclidean distance),4,336.1536020996758,336.1536020996758,336.1536020996758,164.66141267798022,80.68409221221032,feasible,True,False,nan,,,,,,,0.08308733399826451,0.19162879199939198,1.3386437090011896,1.334702,1.3388657079995028,1000,976,24,"{""random"": {""accepted"": 335, ""best"": 1, ""calls"": 348, ""improved"": 11, ""weight"": 0.8211670661379626}, ""related"": {""accepted"": 335, ""best"": 2, ""calls"": 346, ""improved"": 13, ""weight"": 0.9936852916309475}, ""worst"": {""accepted"": 306, ""best"": 0, ""calls"": 306, ""improved"": 0, ""weight"": 1.0}}","{""energy"": {""accepted"": 280, ""best"": 0, ""calls"": 293, ""improved"": 2, ""weight"": 0.8259745214552103}, ""greedy"": {""accepted"": 325, ""best"": 0, ""calls"": 336, ""improved"": 8, ""weight"": 0.9716621318892122}, ""regret2"": {""accepted"": 371, ""best"": 3, ""calls"": 371, ""improved"": 14, ""weight"": 1.000006917699421}}",2321,0.0005489448483598658,,,,,845610,,,708780,,105.515625,,/Users/guoyiyang/Documents/GitHub/FURP-2026-Yiyang-GUO-EVRP-TW/results/week05_advanced/raw/primary-r105C15-alns_exact_charging-2015.json,/Users/guoyiyang/Documents/GitHub/FURP-2026-Yiyang-GUO-EVRP-TW/results/week05_advanced/solutions/primary-r105C15-alns_exact_charging-2015.json,1,30.0
primary-r105C15-alns_exact_charging-2016,2026-07-12T17:05:06.378292+00:00,2026-07-12T17:05:07.800028+00:00,Primary,r105C15,r105C15,ALNS_EXACT_CHARGING,primary ALNS-based matheuristic,bd9787f5ab1df174246303e854e9be04d56fb270+dirty,2016,15,6,200.0,60.63,23.706539182259394,47.41307836451879,1.278761094857996,1.0,EUC_2D (unrounded Euclidean distance),4,336.1536020996758,336.1536020996758,336.1536020996758,164.66141267798022,80.68409221221032,feasible,True,False,nan,,,,,,,0.08343487499951152,0.48018745799708995,1.4214918750003562,1.4192710000000002,1.4217367500023101,1000,977,23,"{""random"": {""accepted"": 330, ""best"": 3, ""calls"": 342, ""improved"": 14, ""weight"": 0.9919094554713901}, ""related"": {""accepted"": 354, ""best"": 1, ""calls"": 363, ""improved"": 13, ""weight"": 0.8719999332695891}, ""worst"": {""accepted"": 293, ""best"": 0, ""calls"": 295, ""improved"": 1, ""weight"": 1.0000000000000007}}","{""energy"": {""accepted"": 326, ""best"": 3, ""calls"": 340, ""improved"": 9, ""weight"": 0.7828007167151955}, ""greedy"": {""accepted"": 321, ""best"": 0, ""calls"": 330, ""improved"": 7, ""weight"": 0.9999964317081655}, ""regret2"": {""accepted"": 330, ""best"": 1, ""calls"": 330, ""improved"": 12, ""weight"": 1.0002433889196956}}",2471,0.0005490351153612258,,,,,900068,,,754446,,105.53125,,/Users/guoyiyang/Documents/GitHub/FURP-2026-Yiyang-GUO-EVRP-TW/results/week05_advanced/raw/primary-r105C15-alns_exact_charging-2016.json,/Users/guoyiyang/Documents/GitHub/FURP-2026-Yiyang-GUO-EVRP-TW/results/week05_advanced/solutions/primary-r105C15-alns_exact_charging-2016.json,1,30.0
primary-r105C15-or_tools_vrptw-0,2026-07-12T17:05:07.814442+00:00,2026-07-12T17:05:07.819890+00:00,Primary,r105C15,r105C15,OR_TOOLS_VRPTW,classical VRPTW baseline; no charging optimization,bd9787f5ab1df174246303e854e9be04d56fb270+dirty,0,15,6,200.0,60.63,23.706539182259394,47.41307836451879,1.278761094857996,1.0,EUC_2D (unrounded Euclidean distance),4,333.60607387017296,333.60607387017296,333.60607387017296,0.0,0.0,invalid,False,False,nan,,,,,,,,,0.005445832997793332,0.00544600000000095,0.005445832997793332,,,,,,,,,,,,,,,,,105.53125,battery depleted on leg 4 (C85->C95) | battery depleted on leg 5 (C95->C5) | battery depleted on leg 6 (C5->D0) | battery depleted on leg 4 (C57->D0) | battery depleted on leg 4 (C50->C29) | battery depleted on leg 5 (C29->C25) | battery depleted on leg 6 (C25->C28) | battery depleted on leg 7 (C28->D0),/Users/guoyiyang/Documents/GitHub/FURP-2026-Yiyang-GUO-EVRP-TW/results/week05_advanced/raw/primary-r105C15-or_tools_vrptw-0.json,/Users/guoyiyang/Documents/GitHub/FURP-2026-Yiyang-GUO-EVRP-TW/results/week05_advanced/solutions/primary-r105C15-or_tools_vrptw-0.json,1,30.0
primary-r105C15-ga_vrptw-2014,2026-07-12T17:05:07.833593+00:00,2026-07-12T17:05:08.094484+00:00,Primary,r105C15,r105C15,GA_VRPTW,weak baseline; chromosome decoder has no exact station insertion,bd9787f5ab1df174246303e854e9be04d56fb270+dirty,2014,15,6,200.0,60.63,23.706539182259394,47.41307836451879,1.278761094857996,1.0,EUC_2D (unrounded Euclidean distance),12,626.7798396881875,626.7798396881875,626.7798396881875,0.0,0.0,invalid,False,False,nan,,,,,,,,,0.2608887499991397,0.2605740000000001,0.2608887499991397,,,,,,,,,,,,,,,,,105.71875,battery depleted on leg 2 (C17->D0) | battery depleted on leg 2 (C23->D0) | battery depleted on leg 2 (C25->D0) | battery depleted on leg 2 (C9->D0),/Users/guoyiyang/Documents/GitHub/FURP-2026-Yiyang-GUO-EVRP-TW/results/week05_advanced/raw/primary-r105C15-ga_vrptw-2014.json,/Users/guoyiyang/Documents/GitHub/FURP-2026-Yiyang-GUO-EVRP-TW/results/week05_advanced/solutions/primary-r105C15-ga_vrptw-2014.json,1,30.0
primary-r105C15-ga_vrptw-2015,2026-07-12T17:05:08.107640+00:00,2026-07-12T17:05:08.366529+00:00,Primary,r105C15,r105C15,GA_VRPTW,weak baseline; chromosome decoder has no exact station insertion,bd9787f5ab1df174246303e854e9be04d56fb270+dirty,2015,15,6,200.0,60.63,23.706539182259394,47.41307836451879,1.278761094857996,1.0,EUC_2D (unrounded Euclidean distance),11,614.1596211793778,614.1596211793778,614.1596211793778,0.0,0.0,invalid,False,False,nan,,,,,,,,,0.2588897089990496,0.25859400000000043,0.2588897089990496,,,,,,,,,,,,,,,,,105.71875,battery depleted on leg 2 (C25->D0) | battery depleted on leg 2 (C17->D0) | battery depleted on leg 2 (C9->D0) | battery depleted on leg 2 (C23->D0),/Users/guoyiyang/Documents/GitHub/FURP-2026-Yiyang-GUO-EVRP-TW/results/week05_advanced/raw/primary-r105C15-ga_vrptw-2015.json,/Users/guoyiyang/Documents/GitHub/FURP-2026-Yiyang-GUO-EVRP-TW/results/week05_advanced/solutions/primary-r105C15-ga_vrptw-2015.json,1,30.0
primary-r105C15-ga_vrptw-2016,2026-07-12T17:05:08.380815+00:00,2026-07-12T17:05:08.640853+00:00,Primary,r105C15,r105C15,GA_VRPTW,weak baseline; chromosome decoder has no exact station insertion,bd9787f5ab1df174246303e854e9be04d56fb270+dirty,2016,15,6,200.0,60.63,23.706539182259394,47.41307836451879,1.278761094857996,1.0,EUC_2D (unrounded Euclidean distance),11,615.4980390498712,615.4980390498712,615.4980390498712,0.0,0.0,invalid,False,False,nan,,,,,,,,,0.26003729199874215,0.2598629999999993,0.26003729199874215,,,,,,,,,,,,,,,,,105.71875,battery depleted on leg 2 (C9->D0) | battery depleted on leg 2 (C23->D0) | battery depleted on leg 2 (C25->D0) | battery depleted on leg 2 (C17->D0),/Users/guoyiyang/Documents/GitHub/FURP-2026-Yiyang-GUO-EVRP-TW/results/week05_advanced/raw/primary-r105C15-ga_vrptw-2016.json,/Users/guoyiyang/Documents/GitHub/FURP-2026-Yiyang-GUO-EVRP-TW/results/week05_advanced/solutions/primary-r105C15-ga_vrptw-2016.json,1,30.0
primary-rc103C15-branch_price_and_cut-0,2026-07-12T17:05:08.654929+00:00,2026-07-12T17:05:08.654929+00:00,Primary,rc103C15,rc103C15,BRANCH_PRICE_AND_CUT,small-scale exact theoretical reference,bd9787f5ab1df174246303e854e9be04d56fb270+dirty,0,15,5,200.0,77.75,20.024984394500787,40.049968789001575,1.9413248586938103,1.0,EUC_2D (unrounded Euclidean distance),,,,,,,not_applicable,False,False,,,,,,,,,,0.0,0.0,0.0,,,,,,,,,,,,,,,,,0.0,exact enumerated-column BPC is limited to at most 8 customers,/Users/guoyiyang/Documents/GitHub/FURP-2026-Yiyang-GUO-EVRP-TW/results/week05_advanced/raw/primary-rc103C15-branch_price_and_cut-0.json,/Users/guoyiyang/Documents/GitHub/FURP-2026-Yiyang-GUO-EVRP-TW/results/week05_advanced/solutions/primary-rc103C15-branch_price_and_cut-0.json,1,30.0
primary-rc103C15-alns_exact_charging-2014,2026-07-12T17:05:08.667282+00:00,2026-07-12T17:05:09.668126+00:00,Primary,rc103C15,rc103C15,ALNS_EXACT_CHARGING,primary ALNS-based matheuristic,bd9787f5ab1df174246303e854e9be04d56fb270+dirty,2014,15,5,200.0,77.75,20.024984394500787,40.049968789001575,1.9413248586938103,1.0,EUC_2D (unrounded Euclidean distance),4,397.6698569130491,397.6698569130491,397.6698569130491,181.15124611347576,70.64898598425555,feasible,True,False,nan,,,,,,,0.05196737499863957,0.2179137079983775,1.0004859170003328,0.9991109999999992,1.00084570800027,1000,957,43,"{""random"": {""accepted"": 352, ""best"": 4, ""calls"": 370, ""improved"": 48, ""weight"": 1.2614535800213393}, ""related"": {""accepted"": 351, ""best"": 1, ""calls"": 376, ""improved"": 54, ""weight"": 1.0249546828757572}, ""worst"": {""accepted"": 254, ""best"": 1, ""calls"": 254, ""improved"": 18, ""weight"": 1.0000017959513554}}","{""energy"": {""accepted"": 258, ""best"": 0, ""calls"": 276, ""improved"": 23, ""weight"": 0.8389945776793659}, ""greedy"": {""accepted"": 319, ""best"": 2, ""calls"": 342, ""improved"": 43, ""weight"": 1.4264335964801893}, ""regret2"": {""accepted"": 380, ""best"": 4, ""calls"": 382, ""improved"": 54, ""weight"": 1.1636051386135633}}",2640,0.0003497597014440103,,,,,634526,,,512536,,106.046875,,/Users/guoyiyang/Documents/GitHub/FURP-2026-Yiyang-GUO-EVRP-TW/results/week05_advanced/raw/primary-rc103C15-alns_exact_charging-2014.json,/Users/guoyiyang/Documents/GitHub/FURP-2026-Yiyang-GUO-EVRP-TW/results/week05_advanced/solutions/primary-rc103C15-alns_exact_charging-2014.json,1,30.0
primary-rc103C15-alns_exact_charging-2015,2026-07-12T17:05:09.682382+00:00,2026-07-12T17:05:10.692304+00:00,Primary,rc103C15,rc103C15,ALNS_EXACT_CHARGING,primary ALNS-based matheuristic,bd9787f5ab1df174246303e854e9be04d56fb270+dirty,2015,15,5,200.0,77.75,20.024984394500787,40.049968789001575,1.9413248586938103,1.0,EUC_2D (unrounded Euclidean distance),4,397.6698569130491,397.6698569130491,397.6698569130491,181.15124611347576,70.64898598425555,feasible,True,False,nan,,,,,,,0.05181595899921376,0.3350842090003425,1.0096709169993119,1.007330999999997,1.0099218750001455,1000,962,38,"{""random"": {""accepted"": 331, ""best"": 3, ""calls"": 344, ""improved"": 46, ""weight"": 0.849024142318384}, ""related"": {""accepted"": 323, ""best"": 3, ""calls"": 348, ""improved"": 49, ""weight"": 0.6955051847509858}, ""worst"": {""accepted"": 308, ""best"": 3, ""calls"": 308, ""improved"": 24, ""weight"": 1.0012144630524682}}","{""energy"": {""accepted"": 297, ""best"": 8, ""calls"": 315, ""improved"": 35, ""weight"": 0.7233781092252958}, ""greedy"": {""accepted"": 333, ""best"": 0, ""calls"": 350, ""improved"": 48, ""weight"": 0.7146603726229511}, ""regret2"": {""accepted"": 332, ""best"": 1, ""calls"": 335, ""improved"": 36, ""weight"": 1.032183204409133}}",2743,0.0003406165107561213,,,,,643048,,,519220,,106.078125,,/Users/guoyiyang/Documents/GitHub/FURP-2026-Yiyang-GUO-EVRP-TW/results/week05_advanced/raw/primary-rc103C15-alns_exact_charging-2015.json,/Users/guoyiyang/Documents/GitHub/FURP-2026-Yiyang-GUO-EVRP-TW/results/week05_advanced/solutions/primary-rc103C15-alns_exact_charging-2015.json,1,30.0
primary-rc103C15-alns_exact_charging-2016,2026-07-12T17:05:10.707220+00:00,2026-07-12T17:05:11.788698+00:00,Primary,rc103C15,rc103C15,ALNS_EXACT_CHARGING,primary ALNS-based matheuristic,bd9787f5ab1df174246303e854e9be04d56fb270+dirty,2016,15,5,200.0,77.75,20.024984394500787,40.049968789001575,1.9413248586938103,1.0,EUC_2D (unrounded Euclidean distance),4,397.6698569130491,397.6698569130491,397.6698569130491,173.55824127959784,67.68771409904316,feasible,True,False,nan,,,,,,,0.05111287500039907,0.2637224169993715,1.0812785829984932,1.0808580000000028,1.0814779169995745,1000,953,47,"{""random"": {""accepted"": 351, ""best"": 4, ""calls"": 370, ""improved"": 55, ""weight"": 0.8760685172199261}, ""related"": {""accepted"": 282, ""best"": 0, ""calls"": 308, ""improved"": 36, ""weight"": 1.3069024083940535}, ""worst"": {""accepted"": 320, ""best"": 2, ""calls"": 322, ""improved"": 24, ""weight"": 1.0000278017659887}}","{""energy"": {""accepted"": 305, ""best"": 0, ""calls"": 330, ""improved"": 29, ""weight"": 0.7113764462382582}, ""greedy"": {""accepted"": 308, ""best"": 4, ""calls"": 329, ""improved"": 44, ""weight"": 1.1555170950859632}, ""regret2"": {""accepted"": 340, ""best"": 2, ""calls"": 341, ""improved"": 42, ""weight"": 1.3152310033890746}}",2939,0.000342853756376994,,,,,702444,,,567386,,106.109375,,/Users/guoyiyang/Documents/GitHub/FURP-2026-Yiyang-GUO-EVRP-TW/results/week05_advanced/raw/primary-rc103C15-alns_exact_charging-2016.json,/Users/guoyiyang/Documents/GitHub/FURP-2026-Yiyang-GUO-EVRP-TW/results/week05_advanced/solutions/primary-rc103C15-alns_exact_charging-2016.json,1,30.0
primary-rc103C15-or_tools_vrptw-0,2026-07-12T17:05:11.801835+00:00,2026-07-12T17:05:11.806685+00:00,Primary,rc103C15,rc103C15,OR_TOOLS_VRPTW,classical VRPTW baseline; no charging optimization,bd9787f5ab1df174246303e854e9be04d56fb270+dirty,0,15,5,200.0,77.75,20.024984394500787,40.049968789001575,1.9413248586938103,1.0,EUC_2D (unrounded Euclidean distance),4,386.9103094079179,386.9103094079179,386.9103094079179,0.0,0.0,invalid,False,False,nan,,,,,,,,,0.004846791998716071,0.0048470000000016,0.004846791998716071,,,,,,,,,,,,,,,,,106.109375,battery depleted on leg 3 (C72->D0) | battery depleted on leg 5 (C8->C90) | battery depleted on leg 6 (C90->D0) | battery depleted on leg 4 (C34->C62) | battery depleted on leg 5 (C62->D0) | battery depleted on leg 5 (C15->D0),/Users/guoyiyang/Documents/GitHub/FURP-2026-Yiyang-GUO-EVRP-TW/results/week05_advanced/raw/primary-rc103C15-or_tools_vrptw-0.json,/Users/guoyiyang/Documents/GitHub/FURP-2026-Yiyang-GUO-EVRP-TW/results/week05_advanced/solutions/primary-rc103C15-or_tools_vrptw-0.json,1,30.0
primary-rc103C15-ga_vrptw-2014,2026-07-12T17:05:11.819453+00:00,2026-07-12T17:05:12.070218+00:00,Primary,rc103C15,rc103C15,GA_VRPTW,weak baseline; chromosome decoder has no exact station insertion,bd9787f5ab1df174246303e854e9be04d56fb270+dirty,2014,15,5,200.0,77.75,20.024984394500787,40.049968789001575,1.9413248586938103,1.0,EUC_2D (unrounded Euclidean distance),10,736.9538552141805,736.9538552141805,736.9538552141805,0.0,0.0,invalid,False,False,nan,,,,,,,,,0.25076341699968907,0.25060399999999916,0.25076341699968907,,,,,,,,,,,,,,,,,106.109375,battery depleted on leg 2 (C34->D0) | battery depleted on leg 2 (C8->D0) | battery depleted on leg 2 (C15->D0) | battery depleted on leg 2 (C33->D0),/Users/guoyiyang/Documents/GitHub/FURP-2026-Yiyang-GUO-EVRP-TW/results/week05_advanced/raw/primary-rc103C15-ga_vrptw-2014.json,/Users/guoyiyang/Documents/GitHub/FURP-2026-Yiyang-GUO-EVRP-TW/results/week05_advanced/solutions/primary-rc103C15-ga_vrptw-2014.json,1,30.0
primary-rc103C15-ga_vrptw-2015,2026-07-12T17:05:12.083452+00:00,2026-07-12T17:05:12.332488+00:00,Primary,rc103C15,rc103C15,GA_VRPTW,weak baseline; chromosome decoder has no exact station insertion,bd9787f5ab1df174246303e854e9be04d56fb270+dirty,2015,15,5,200.0,77.75,20.024984394500787,40.049968789001575,1.9413248586938103,1.0,EUC_2D (unrounded Euclidean distance),10,736.4605155563941,736.4605155563941,736.4605155563941,0.0,0.0,invalid,False,False,nan,,,,,,,,,0.2490384160009853,0.24887199999999865,0.2490384160009853,,,,,,,,,,,,,,,,,106.109375,battery depleted on leg 2 (C8->D0) | battery depleted on leg 2 (C34->D0) | battery depleted on leg 2 (C15->D0) | battery depleted on leg 2 (C33->D0),/Users/guoyiyang/Documents/GitHub/FURP-2026-Yiyang-GUO-EVRP-TW/results/week05_advanced/raw/primary-rc103C15-ga_vrptw-2015.json,/Users/guoyiyang/Documents/GitHub/FURP-2026-Yiyang-GUO-EVRP-TW/results/week05_advanced/solutions/primary-rc103C15-ga_vrptw-2015.json,1,30.0
primary-rc103C15-ga_vrptw-2016,2026-07-12T17:05:12.345560+00:00,2026-07-12T17:05:12.595641+00:00,Primary,rc103C15,rc103C15,GA_VRPTW,weak baseline; chromosome decoder has no exact station insertion,bd9787f5ab1df174246303e854e9be04d56fb270+dirty,2016,15,5,200.0,77.75,20.024984394500787,40.049968789001575,1.9413248586938103,1.0,EUC_2D (unrounded Euclidean distance),10,739.9017199053234,739.9017199053234,739.9017199053234,0.0,0.0,invalid,False,False,nan,,,,,,,,,0.25007937500049593,0.24994599999999778,0.25007937500049593,,,,,,,,,,,,,,,,,106.109375,battery depleted on leg 2 (C15->D0) | battery depleted on leg 2 (C33->D0) | battery depleted on leg 2 (C8->D0) | battery depleted on leg 2 (C34->D0),/Users/guoyiyang/Documents/GitHub/FURP-2026-Yiyang-GUO-EVRP-TW/results/week05_advanced/raw/primary-rc103C15-ga_vrptw-2016.json,/Users/guoyiyang/Documents/GitHub/FURP-2026-Yiyang-GUO-EVRP-TW/results/week05_advanced/solutions/primary-rc103C15-ga_vrptw-2016.json,1,30.0
primary-c101_21-branch_price_and_cut-0,2026-07-12T17:05:12.609758+00:00,2026-07-12T17:05:12.609758+00:00,Primary,c101_21,c101_21,BRANCH_PRICE_AND_CUT,small-scale exact theoretical reference,bd9787f5ab1df174246303e854e9be04d56fb270+dirty,0,100,21,200.0,79.69,16.1245154965971,32.2490309931942,2.4710819998535056,1.0,EUC_2D (unrounded Euclidean distance),,,,,,,not_applicable,False,False,,,,,,,,,,0.0,0.0,0.0,,,,,,,,,,,,,,,,,0.0,exact enumerated-column BPC is limited to at most 8 customers,/Users/guoyiyang/Documents/GitHub/FURP-2026-Yiyang-GUO-EVRP-TW/results/week05_advanced/raw/primary-c101_21-branch_price_and_cut-0.json,/Users/guoyiyang/Documents/GitHub/FURP-2026-Yiyang-GUO-EVRP-TW/results/week05_advanced/solutions/primary-c101_21-branch_price_and_cut-0.json,1,30.0
primary-c101_21-alns_exact_charging-2014,2026-07-12T17:05:12.622280+00:00,2026-07-12T17:05:42.667309+00:00,Primary,c101_21,c101_21,ALNS_EXACT_CHARGING,primary ALNS-based matheuristic,bd9787f5ab1df174246303e854e9be04d56fb270+dirty,2014,100,21,200.0,79.69,16.1245154965971,32.2490309931942,2.4710819998535056,1.0,EUC_2D (unrounded Euclidean distance),14,1234.5032876506266,1234.5032876506266,1234.5032876506266,437.316430132704,1482.5026981498668,feasible,True,False,nan,,,,,,,0.39221112499944866,22.144208375000744,30.044865332998597,29.669316000000002,30.045081542000844,6,5,0,"{""random"": {""accepted"": 4, ""best"": 1, ""calls"": 4, ""improved"": 1, ""weight"": 2.1200000000000006}, ""related"": {""accepted"": 0, ""best"": 0, ""calls"": 0, ""improved"": 0, ""weight"": 1.0}, ""worst"": {""accepted"": 1, ""best"": 1, ""calls"": 2, ""improved"": 1, ""weight"": 2.4000000000000004}}","{""energy"": {""accepted"": 0, ""best"": 0, ""calls"": 0, ""improved"": 0, ""weight"": 1.0}, ""greedy"": {""accepted"": 4, ""best"": 2, ""calls"": 4, ""improved"": 2, ""weight"": 2.836800000000001}, ""regret2"": {""accepted"": 1, ""best"": 0, ""calls"": 2, ""improved"": 0, ""weight"": 1.0}}",2046,0.014604987066481381,,,,,10648736,,,10141812,,110.765625,,/Users/guoyiyang/Documents/GitHub/FURP-2026-Yiyang-GUO-EVRP-TW/results/week05_advanced/raw/primary-c101_21-alns_exact_charging-2014.json,/Users/guoyiyang/Documents/GitHub/FURP-2026-Yiyang-GUO-EVRP-TW/results/week05_advanced/solutions/primary-c101_21-alns_exact_charging-2014.json,1,30.0
primary-c101_21-alns_exact_charging-2015,2026-07-12T17:05:42.692277+00:00,2026-07-12T17:06:12.710615+00:00,Primary,c101_21,c101_21,ALNS_EXACT_CHARGING,primary ALNS-based matheuristic,bd9787f5ab1df174246303e854e9be04d56fb270+dirty,2015,100,21,200.0,79.69,16.1245154965971,32.2490309931942,2.4710819998535056,1.0,EUC_2D (unrounded Euclidean distance),14,1237.1389149242236,1237.1389149242236,1237.1389149242236,437.316430132704,1482.5026981498668,feasible,True,False,nan,,,,,,,0.39294445799896494,27.766421332999016,30.01806137499807,29.934223000000003,30.018394582999463,6,5,0,"{""random"": {""accepted"": 0, ""best"": 0, ""calls"": 0, ""improved"": 0, ""weight"": 1.0}, ""related"": {""accepted"": 4, ""best"": 0, ""calls"": 4, ""improved"": 0, ""weight"": 1.0}, ""worst"": {""accepted"": 1, ""best"": 1, ""calls"": 2, ""improved"": 1, ""weight"": 2.4000000000000004}}","{""energy"": {""accepted"": 2, ""best"": 1, ""calls"": 2, ""improved"": 1, ""weight"": 2.4000000000000004}, ""greedy"": {""accepted"": 1, ""best"": 0, ""calls"": 2, ""improved"": 0, ""weight"": 1.0}, ""regret2"": {""accepted"": 2, ""best"": 0, ""calls"": 2, ""improved"": 0, ""weight"": 1.0}}",1949,0.015322117281172092,,,,,11057722,,,10531498,,110.78125,,/Users/guoyiyang/Documents/GitHub/FURP-2026-Yiyang-GUO-EVRP-TW/results/week05_advanced/raw/primary-c101_21-alns_exact_charging-2015.json,/Users/guoyiyang/Documents/GitHub/FURP-2026-Yiyang-GUO-EVRP-TW/results/week05_advanced/solutions/primary-c101_21-alns_exact_charging-2015.json,1,30.0
primary-c101_21-alns_exact_charging-2016,2026-07-12T17:06:12.725435+00:00,2026-07-12T17:06:42.730539+00:00,Primary,c101_21,c101_21,ALNS_EXACT_CHARGING,primary ALNS-based matheuristic,bd9787f5ab1df174246303e854e9be04d56fb270+dirty,2016,100,21,200.0,79.69,16.1245154965971,32.2490309931942,2.4710819998535056,1.0,EUC_2D (unrounded Euclidean distance),14,1237.1389149242236,1237.1389149242236,1237.1389149242236,437.316430132704,1482.5026981498668,feasible,True,False,nan,,,,,,,0.38777458399999887,20.547589208999852,30.00487033399986,29.928876000000002,30.00516024999888,6,5,0,"{""random"": {""accepted"": 2, ""best"": 0, ""calls"": 2, ""improved"": 0, ""weight"": 1.0}, ""related"": {""accepted"": 2, ""best"": 0, ""calls"": 3, ""improved"": 0, ""weight"": 1.0}, ""worst"": {""accepted"": 1, ""best"": 1, ""calls"": 1, ""improved"": 1, ""weight"": 2.4000000000000004}}","{""energy"": {""accepted"": 2, ""best"": 1, ""calls"": 2, ""improved"": 1, ""weight"": 2.4000000000000004}, ""greedy"": {""accepted"": 1, ""best"": 0, ""calls"": 1, ""improved"": 0, ""weight"": 1.0}, ""regret2"": {""accepted"": 2, ""best"": 0, ""calls"": 3, ""improved"": 0, ""weight"": 1.0}}",2057,0.014512958921231185,,,,,11130968,,,10601142,,110.78125,,/Users/guoyiyang/Documents/GitHub/FURP-2026-Yiyang-GUO-EVRP-TW/results/week05_advanced/raw/primary-c101_21-alns_exact_charging-2016.json,/Users/guoyiyang/Documents/GitHub/FURP-2026-Yiyang-GUO-EVRP-TW/results/week05_advanced/solutions/primary-c101_21-alns_exact_charging-2016.json,1,30.0
primary-c101_21-or_tools_vrptw-0,2026-07-12T17:06:42.746228+00:00,2026-07-12T17:06:42.893643+00:00,Primary,c101_21,c101_21,OR_TOOLS_VRPTW,classical VRPTW baseline; no charging optimization,bd9787f5ab1df174246303e854e9be04d56fb270+dirty,0,100,21,200.0,79.69,16.1245154965971,32.2490309931942,2.4710819998535056,1.0,EUC_2D (unrounded Euclidean distance),12,1134.5879223048348,1134.5879223048348,1134.5879223048348,0.0,0.0,invalid,False,False,nan,,,,,,,,,0.14741254199907416,0.14704400000000817,0.14741254199907416,,,,,,,,,,,,,,,,,117.90625,battery depleted on leg 7 (C76->C72) | battery depleted on leg 8 (C72->C61) | battery depleted on leg 9 (C61->C66) | battery depleted on leg 10 (C66->D0) | battery depleted on leg 11 (C99->D0) | battery depleted on leg 9 (C13->D0) | battery depleted on leg 4 (C80->C54) | battery depleted on leg 5 (C54->C55) | battery depleted on leg 6 (C55->C57) | battery depleted on leg 7 (C57->D0) | battery depleted on leg 11 (C50->C49) | battery depleted on leg 12 (C49->D0) | battery depleted on leg 6 (C53->C78) | battery depleted on leg 7 (C78->C81) | battery depleted on leg 8 (C81->D0) | battery depleted on leg 7 (C52->D0),/Users/guoyiyang/Documents/GitHub/FURP-2026-Yiyang-GUO-EVRP-TW/results/week05_advanced/raw/primary-c101_21-or_tools_vrptw-0.json,/Users/guoyiyang/Documents/GitHub/FURP-2026-Yiyang-GUO-EVRP-TW/results/week05_advanced/solutions/primary-c101_21-or_tools_vrptw-0.json,1,30.0
primary-c101_21-ga_vrptw-2014,2026-07-12T17:06:42.906715+00:00,2026-07-12T17:06:45.086781+00:00,Primary,c101_21,c101_21,GA_VRPTW,weak baseline; chromosome decoder has no exact station insertion,bd9787f5ab1df174246303e854e9be04d56fb270+dirty,2014,100,21,200.0,79.69,16.1245154965971,32.2490309931942,2.4710819998535056,1.0,EUC_2D (unrounded Euclidean distance),77,5071.004401320719,5071.004401320719,5071.004401320719,0.0,0.0,invalid,False,False,nan,,,,,,,,,2.1800701659994957,2.177087,2.1800701659994957,,,,,,,,,,,,,,,,,118.109375,battery depleted on leg 2 (C70->D0) | battery depleted on leg 2 (C93->D0) | battery depleted on leg 2 (C39->D0) | battery depleted on leg 2 (C58->D0) | battery depleted on leg 2 (C53->D0) | battery depleted on leg 2 (C92->D0) | battery depleted on leg 2 (C79->D0) | battery depleted on leg 2 (C60->D0) | battery depleted on leg 2 (C71->D0) | battery depleted on leg 2 (C38->D0) | battery depleted on leg 2 (C56->D0) | battery depleted on leg 2 (C16->D0) | battery depleted on leg 2 (C54->D0) | battery depleted on leg 2 (C78->D0) | battery depleted on leg 2 (C77->D0) | battery depleted on leg 2 (C73->D0) | battery depleted on leg 2 (C80->D0) | battery depleted on leg 2 (C81->D0) | battery depleted on leg 2 (C94->D0) | battery depleted on leg 2 (C76->D0) | battery depleted on leg 2 (C97->D0),/Users/guoyiyang/Documents/GitHub/FURP-2026-Yiyang-GUO-EVRP-TW/results/week05_advanced/raw/primary-c101_21-ga_vrptw-2014.json,/Users/guoyiyang/Documents/GitHub/FURP-2026-Yiyang-GUO-EVRP-TW/results/week05_advanced/solutions/primary-c101_21-ga_vrptw-2014.json,1,30.0
primary-c101_21-ga_vrptw-2015,2026-07-12T17:06:45.100791+00:00,2026-07-12T17:06:47.276043+00:00,Primary,c101_21,c101_21,GA_VRPTW,weak baseline; chromosome decoder has no exact station insertion,bd9787f5ab1df174246303e854e9be04d56fb270+dirty,2015,100,21,200.0,79.69,16.1245154965971,32.2490309931942,2.4710819998535056,1.0,EUC_2D (unrounded Euclidean distance),77,5054.792751469631,5054.792751469631,5054.792751469631,0.0,0.0,invalid,False,False,nan,,,,,,,,,2.1752554580016294,2.1728300000000047,2.1752554580016294,,,,,,,,,,,,,,,,,118.125,battery depleted on leg 2 (C70->D0) | battery depleted on leg 2 (C79->D0) | battery depleted on leg 2 (C81->D0) | battery depleted on leg 2 (C60->D0) | battery depleted on leg 2 (C77->D0) | battery depleted on leg 2 (C92->D0) | battery depleted on leg 2 (C73->D0) | battery depleted on leg 2 (C56->D0) | battery depleted on leg 2 (C39->D0) | battery depleted on leg 2 (C97->D0) | battery depleted on leg 2 (C78->D0) | battery depleted on leg 2 (C54->D0) | battery depleted on leg 2 (C76->D0) | battery depleted on leg 2 (C71->D0) | battery depleted on leg 2 (C53->D0) | battery depleted on leg 2 (C58->D0) | battery depleted on leg 2 (C94->D0) | battery depleted on leg 2 (C16->D0) | battery depleted on leg 2 (C93->D0) | battery depleted on leg 2 (C80->D0) | battery depleted on leg 2 (C38->D0),/Users/guoyiyang/Documents/GitHub/FURP-2026-Yiyang-GUO-EVRP-TW/results/week05_advanced/raw/primary-c101_21-ga_vrptw-2015.json,/Users/guoyiyang/Documents/GitHub/FURP-2026-Yiyang-GUO-EVRP-TW/results/week05_advanced/solutions/primary-c101_21-ga_vrptw-2015.json,1,30.0
primary-c101_21-ga_vrptw-2016,2026-07-12T17:06:47.289383+00:00,2026-07-12T17:06:49.464130+00:00,Primary,c101_21,c101_21,GA_VRPTW,weak baseline; chromosome decoder has no exact station insertion,bd9787f5ab1df174246303e854e9be04d56fb270+dirty,2016,100,21,200.0,79.69,16.1245154965971,32.2490309931942,2.4710819998535056,1.0,EUC_2D (unrounded Euclidean distance),78,5093.862710105823,5093.862710105823,5093.862710105823,0.0,0.0,invalid,False,False,nan,,,,,,,,,2.1747508340013155,2.173210999999995,2.1747508340013155,,,,,,,,,,,,,,,,,118.125,battery depleted on leg 2 (C60->D0) | battery depleted on leg 2 (C39->D0) | battery depleted on leg 2 (C79->D0) | battery depleted on leg 2 (C78->D0) | battery depleted on leg 2 (C92->D0) | battery depleted on leg 2 (C93->D0) | battery depleted on leg 2 (C53->D0) | battery depleted on leg 2 (C77->D0) | battery depleted on leg 2 (C81->D0) | battery depleted on leg 2 (C97->D0) | battery depleted on leg 2 (C94->D0) | battery depleted on leg 2 (C76->D0) | battery depleted on leg 2 (C70->D0) | battery depleted on leg 2 (C80->D0) | battery depleted on leg 2 (C71->D0) | battery depleted on leg 2 (C56->D0) | battery depleted on leg 2 (C16->D0) | battery depleted on leg 2 (C38->D0) | battery depleted on leg 2 (C58->D0) | battery depleted on leg 2 (C73->D0) | battery depleted on leg 2 (C54->D0),/Users/guoyiyang/Documents/GitHub/FURP-2026-Yiyang-GUO-EVRP-TW/results/week05_advanced/raw/primary-c101_21-ga_vrptw-2016.json,/Users/guoyiyang/Documents/GitHub/FURP-2026-Yiyang-GUO-EVRP-TW/results/week05_advanced/solutions/primary-c101_21-ga_vrptw-2016.json,1,30.0
primary-r101_21-branch_price_and_cut-0,2026-07-12T17:06:49.478238+00:00,2026-07-12T17:06:49.478238+00:00,Primary,r101_21,r101_21,BRANCH_PRICE_AND_CUT,small-scale exact theoretical reference,bd9787f5ab1df174246303e854e9be04d56fb270+dirty,0,100,21,200.0,62.14,17.88854381999832,35.77708763999664,1.7368658015229617,1.0,EUC_2D (unrounded Euclidean distance),,,,,,,not_applicable,False,False,,,,,,,,,,0.0,0.0,0.0,,,,,,,,,,,,,,,,,0.0,exact enumerated-column BPC is limited to at most 8 customers,/Users/guoyiyang/Documents/GitHub/FURP-2026-Yiyang-GUO-EVRP-TW/results/week05_advanced/raw/primary-r101_21-branch_price_and_cut-0.json,/Users/guoyiyang/Documents/GitHub/FURP-2026-Yiyang-GUO-EVRP-TW/results/week05_advanced/solutions/primary-r101_21-branch_price_and_cut-0.json,1,30.0
primary-r101_21-alns_exact_charging-2014,2026-07-12T17:06:49.490557+00:00,2026-07-12T17:07:19.493513+00:00,Primary,r101_21,r101_21,ALNS_EXACT_CHARGING,primary ALNS-based matheuristic,bd9787f5ab1df174246303e854e9be04d56fb270+dirty,2014,100,21,200.0,62.14,17.88854381999832,35.77708763999664,1.7368658015229617,1.0,EUC_2D (unrounded Euclidean distance),23,1816.6087439307273,1816.6087439307273,1816.6087439307273,826.0421046880931,396.5002102502847,feasible,True,False,nan,,,,,,,0.5249330000006012,29.918338292001863,30.00269316699996,29.936431999999982,30.003010500000528,8,7,0,"{""random"": {""accepted"": 4, ""best"": 2, ""calls"": 5, ""improved"": 2, ""weight"": 2.836800000000001}, ""related"": {""accepted"": 0, ""best"": 0, ""calls"": 0, ""improved"": 0, ""weight"": 1.0}, ""worst"": {""accepted"": 3, ""best"": 3, ""calls"": 3, ""improved"": 3, ""weight"": 4.416}}","{""energy"": {""accepted"": 0, ""best"": 0, ""calls"": 0, ""improved"": 0, ""weight"": 1.0}, ""greedy"": {""accepted"": 5, ""best"": 3, ""calls"": 5, ""improved"": 3, ""weight"": 3.869440000000001}, ""regret2"": {""accepted"": 2, ""best"": 2, ""calls"": 3, ""improved"": 2, ""weight"": 3.5200000000000005}}",2165,0.01377279810626018,,,,,11575518,,,11024108,,118.25,,/Users/guoyiyang/Documents/GitHub/FURP-2026-Yiyang-GUO-EVRP-TW/results/week05_advanced/raw/primary-r101_21-alns_exact_charging-2014.json,/Users/guoyiyang/Documents/GitHub/FURP-2026-Yiyang-GUO-EVRP-TW/results/week05_advanced/solutions/primary-r101_21-alns_exact_charging-2014.json,1,30.0
primary-r101_21-alns_exact_charging-2015,2026-07-12T17:07:19.507623+00:00,2026-07-12T17:07:49.509933+00:00,Primary,r101_21,r101_21,ALNS_EXACT_CHARGING,primary ALNS-based matheuristic,bd9787f5ab1df174246303e854e9be04d56fb270+dirty,2015,100,21,200.0,62.14,17.88854381999832,35.77708763999664,1.7368658015229617,1.0,EUC_2D (unrounded Euclidean distance),22,1788.215596960292,1788.215596960292,1788.215596960292,820.7012314618246,393.93659110167573,feasible,True,False,nan,,,,,,,0.5299556249992747,28.688998542002082,30.002046583002084,29.93764300000001,30.00236416700136,7,6,0,"{""random"": {""accepted"": 0, ""best"": 0, ""calls"": 0, ""improved"": 0, ""weight"": 1.0}, ""related"": {""accepted"": 5, ""best"": 3, ""calls"": 5, ""improved"": 3, ""weight"": 3.690240000000001}, ""worst"": {""accepted"": 1, ""best"": 1, ""calls"": 2, ""improved"": 1, ""weight"": 2.4000000000000004}}","{""energy"": {""accepted"": 0, ""best"": 0, ""calls"": 0, ""improved"": 0, ""weight"": 1.0}, ""greedy"": {""accepted"": 3, ""best"": 2, ""calls"": 3, ""improved"": 2, ""weight"": 3.5200000000000005}, ""regret2"": {""accepted"": 3, ""best"": 2, ""calls"": 4, ""improved"": 2, ""weight"": 3.016000000000001}}",2165,0.013771553343216654,,,,,11555732,,,11005260,,118.25,,/Users/guoyiyang/Documents/GitHub/FURP-2026-Yiyang-GUO-EVRP-TW/results/week05_advanced/raw/primary-r101_21-alns_exact_charging-2015.json,/Users/guoyiyang/Documents/GitHub/FURP-2026-Yiyang-GUO-EVRP-TW/results/week05_advanced/solutions/primary-r101_21-alns_exact_charging-2015.json,1,30.0
primary-r101_21-alns_exact_charging-2016,2026-07-12T17:07:49.524166+00:00,2026-07-12T17:08:19.528763+00:00,Primary,r101_21,r101_21,ALNS_EXACT_CHARGING,primary ALNS-based matheuristic,bd9787f5ab1df174246303e854e9be04d56fb270+dirty,2016,100,21,200.0,62.14,17.88854381999832,35.77708763999664,1.7368658015229617,1.0,EUC_2D (unrounded Euclidean distance),28,2091.7770543628476,2091.7770543628476,2091.7770543628476,869.1267414389955,417.18083589071784,feasible,True,False,nan,,,,,,,0.5275744579994353,21.751201167000545,30.004136832998483,29.95449500000001,30.004654834003304,6,5,0,"{""random"": {""accepted"": 3, ""best"": 2, ""calls"": 4, ""improved"": 2, ""weight"": 3.2960000000000007}, ""related"": {""accepted"": 2, ""best"": 1, ""calls"": 2, ""improved"": 1, ""weight"": 2.1200000000000006}, ""worst"": {""accepted"": 0, ""best"": 0, ""calls"": 0, ""improved"": 0, ""weight"": 1.0}}","{""energy"": {""accepted"": 0, ""best"": 0, ""calls"": 0, ""improved"": 0, ""weight"": 1.0}, ""greedy"": {""accepted"": 0, ""best"": 0, ""calls"": 0, ""improved"": 0, ""weight"": 1.0}, ""regret2"": {""accepted"": 5, ""best"": 3, ""calls"": 6, ""improved"": 3, ""weight"": 3.410240000000001}}",2209,0.01349888938298554,,,,,11642098,,,11087406,,118.25,,/Users/guoyiyang/Documents/GitHub/FURP-2026-Yiyang-GUO-EVRP-TW/results/week05_advanced/raw/primary-r101_21-alns_exact_charging-2016.json,/Users/guoyiyang/Documents/GitHub/FURP-2026-Yiyang-GUO-EVRP-TW/results/week05_advanced/solutions/primary-r101_21-alns_exact_charging-2016.json,1,30.0
primary-r101_21-or_tools_vrptw-0,2026-07-12T17:08:19.543956+00:00,2026-07-12T17:08:19.733302+00:00,Primary,r101_21,r101_21,OR_TOOLS_VRPTW,classical VRPTW baseline; no charging optimization,bd9787f5ab1df174246303e854e9be04d56fb270+dirty,0,100,21,200.0,62.14,17.88854381999832,35.77708763999664,1.7368658015229617,1.0,EUC_2D (unrounded Euclidean distance),20,1589.4245669566083,1589.4245669566083,1589.4245669566083,0.0,0.0,invalid,False,False,nan,,,,,,,,,0.18934375000026193,0.18887999999998328,0.18934375000026193,,,,,,,,,,,,,,,,,119.015625,battery depleted on leg 5 (C18->C48) | battery depleted on leg 6 (C48->C82) | battery depleted on leg 7 (C82->D0) | battery depleted on leg 3 (C38->C86) | battery depleted on leg 4 (C86->C45) | battery depleted on leg 5 (C45->C47) | battery depleted on leg 6 (C47->D0) | battery depleted on leg 4 (C64->C63) | battery depleted on leg 5 (C63->C10) | battery depleted on leg 6 (C10->C88) | battery depleted on leg 7 (C88->D0) | battery depleted on leg 4 (C71->C35) | battery depleted on leg 5 (C35->C51) | battery depleted on leg 6 (C51->D0) | battery depleted on leg 5 (C49->D0) | battery depleted on leg 5 (C30->D0) | battery depleted on leg 6 (C67->C41) | battery depleted on leg 7 (C41->D0) | battery depleted on leg 6 (C37->D0) | battery depleted on leg 6 (C29->C77) | battery depleted on leg 7 (C77->C76) | battery depleted on leg 8 (C76->C28) | battery depleted on leg 9 (C28->D0) | battery depleted on leg 5 (C50->C69) | battery depleted on leg 6 (C69->C27) | battery depleted on leg 7 (C27->D0) | battery depleted on leg 6 (C57->D0) | battery depleted on leg 6 (C5->D0) | battery depleted on leg 4 (C20->D0) | arrival at C54 (98.4853) exceeds due date 98 | arrival at C4 (117.705) exceeds due date 117 | battery depleted on leg 5 (C25->C24) | battery depleted on leg 6 (C24->D0) | battery depleted on leg 7 (C26->D0),/Users/guoyiyang/Documents/GitHub/FURP-2026-Yiyang-GUO-EVRP-TW/results/week05_advanced/raw/primary-r101_21-or_tools_vrptw-0.json,/Users/guoyiyang/Documents/GitHub/FURP-2026-Yiyang-GUO-EVRP-TW/results/week05_advanced/solutions/primary-r101_21-or_tools_vrptw-0.json,1,30.0
primary-r101_21-ga_vrptw-2014,2026-07-12T17:08:19.746702+00:00,2026-07-12T17:08:21.953439+00:00,Primary,r101_21,r101_21,GA_VRPTW,weak baseline; chromosome decoder has no exact station insertion,bd9787f5ab1df174246303e854e9be04d56fb270+dirty,2014,100,21,200.0,62.14,17.88854381999832,35.77708763999664,1.7368658015229617,1.0,EUC_2D (unrounded Euclidean distance),82,4531.770265975092,4531.770265975092,4531.770265975092,0.0,0.0,invalid,False,False,nan,,,,,,,,,2.2067379170002823,2.20500100000001,2.2067379170002823,,,,,,,,,,,,,,,,,119.015625,battery depleted on leg 2 (C90->D0) | battery depleted on leg 2 (C19->D0) | battery depleted on leg 2 (C11->D0) | battery depleted on leg 2 (C66->D0) | battery depleted on leg 2 (C71->D0) | battery depleted on leg 2 (C36->D0) | battery depleted on leg 2 (C34->D0) | battery depleted on leg 2 (C86->D0) | battery depleted on leg 2 (C38->D0) | battery depleted on leg 2 (C65->D0) | battery depleted on leg 2 (C44->D0) | battery depleted on leg 2 (C39->D0) | battery depleted on leg 2 (C46->D0) | battery depleted on leg 2 (C67->D0) | battery depleted on leg 2 (C32->D0) | battery depleted on leg 2 (C25->D0) | battery depleted on leg 2 (C64->D0) | battery depleted on leg 2 (C47->D0) | battery depleted on leg 2 (C9->D0) | battery depleted on leg 2 (C23->D0) | battery depleted on leg 2 (C35->D0) | battery depleted on leg 2 (C49->D0) | battery depleted on leg 2 (C20->D0) | battery depleted on leg 2 (C14->D0) | battery depleted on leg 2 (C63->D0) | battery depleted on leg 2 (C43->D0),/Users/guoyiyang/Documents/GitHub/FURP-2026-Yiyang-GUO-EVRP-TW/results/week05_advanced/raw/primary-r101_21-ga_vrptw-2014.json,/Users/guoyiyang/Documents/GitHub/FURP-2026-Yiyang-GUO-EVRP-TW/results/week05_advanced/solutions/primary-r101_21-ga_vrptw-2014.json,1,30.0
primary-r101_21-ga_vrptw-2015,2026-07-12T17:08:21.967974+00:00,2026-07-12T17:08:24.337619+00:00,Primary,r101_21,r101_21,GA_VRPTW,weak baseline; chromosome decoder has no exact station insertion,bd9787f5ab1df174246303e854e9be04d56fb270+dirty,2015,100,21,200.0,62.14,17.88854381999832,35.77708763999664,1.7368658015229617,1.0,EUC_2D (unrounded Euclidean distance),85,4511.785166075192,4511.785166075192,4511.785166075192,0.0,0.0,invalid,False,False,nan,,,,,,,,,2.369646750001266,2.315620999999993,2.369646750001266,,,,,,,,,,,,,,,,,119.015625,battery depleted on leg 2 (C66->D0) | battery depleted on leg 2 (C32->D0) | battery depleted on leg 2 (C47->D0) | battery depleted on leg 2 (C71->D0) | battery depleted on leg 2 (C39->D0) | battery depleted on leg 2 (C20->D0) | battery depleted on leg 2 (C23->D0) | battery depleted on leg 2 (C43->D0) | battery depleted on leg 2 (C38->D0) | battery depleted on leg 2 (C64->D0) | battery depleted on leg 2 (C49->D0) | battery depleted on leg 2 (C63->D0) | battery depleted on leg 2 (C9->D0) | battery depleted on leg 2 (C90->D0) | battery depleted on leg 2 (C65->D0) | battery depleted on leg 2 (C25->D0) | battery depleted on leg 2 (C11->D0) | battery depleted on leg 2 (C67->D0) | battery depleted on leg 2 (C44->D0) | battery depleted on leg 2 (C14->D0) | battery depleted on leg 2 (C86->D0) | battery depleted on leg 2 (C35->D0) | battery depleted on leg 2 (C36->D0) | battery depleted on leg 2 (C34->D0) | battery depleted on leg 2 (C19->D0) | battery depleted on leg 2 (C46->D0),/Users/guoyiyang/Documents/GitHub/FURP-2026-Yiyang-GUO-EVRP-TW/results/week05_advanced/raw/primary-r101_21-ga_vrptw-2015.json,/Users/guoyiyang/Documents/GitHub/FURP-2026-Yiyang-GUO-EVRP-TW/results/week05_advanced/solutions/primary-r101_21-ga_vrptw-2015.json,1,30.0
primary-r101_21-ga_vrptw-2016,2026-07-12T17:08:24.351546+00:00,2026-07-12T17:08:26.576317+00:00,Primary,r101_21,r101_21,GA_VRPTW,weak baseline; chromosome decoder has no exact station insertion,bd9787f5ab1df174246303e854e9be04d56fb270+dirty,2016,100,21,200.0,62.14,17.88854381999832,35.77708763999664,1.7368658015229617,1.0,EUC_2D (unrounded Euclidean distance),83,4498.842830266418,4498.842830266418,4498.842830266418,0.0,0.0,invalid,False,False,nan,,,,,,,,,2.2247744999986026,2.221609000000001,2.2247744999986026,,,,,,,,,,,,,,,,,119.015625,battery depleted on leg 2 (C71->D0) | battery depleted on leg 2 (C44->D0) | battery depleted on leg 2 (C39->D0) | battery depleted on leg 2 (C47->D0) | battery depleted on leg 2 (C86->D0) | battery depleted on leg 2 (C66->D0) | battery depleted on leg 2 (C63->D0) | battery depleted on leg 2 (C32->D0) | battery depleted on leg 2 (C9->D0) | battery depleted on leg 2 (C35->D0) | battery depleted on leg 2 (C65->D0) | battery depleted on leg 2 (C90->D0) | battery depleted on leg 2 (C25->D0) | battery depleted on leg 2 (C43->D0) | battery depleted on leg 2 (C14->D0) | battery depleted on leg 2 (C67->D0) | battery depleted on leg 2 (C38->D0) | battery depleted on leg 2 (C36->D0) | battery depleted on leg 2 (C46->D0) | battery depleted on leg 2 (C23->D0) | battery depleted on leg 2 (C64->D0) | battery depleted on leg 2 (C20->D0) | battery depleted on leg 2 (C34->D0) | battery depleted on leg 2 (C19->D0) | battery depleted on leg 2 (C49->D0) | battery depleted on leg 2 (C11->D0),/Users/guoyiyang/Documents/GitHub/FURP-2026-Yiyang-GUO-EVRP-TW/results/week05_advanced/raw/primary-r101_21-ga_vrptw-2016.json,/Users/guoyiyang/Documents/GitHub/FURP-2026-Yiyang-GUO-EVRP-TW/results/week05_advanced/solutions/primary-r101_21-ga_vrptw-2016.json,1,30.0
primary-rc101_21-branch_price_and_cut-0,2026-07-12T17:08:26.591576+00:00,2026-07-12T17:08:26.591576+00:00,Primary,rc101_21,rc101_21,BRANCH_PRICE_AND_CUT,small-scale exact theoretical reference,bd9787f5ab1df174246303e854e9be04d56fb270+dirty,0,100,21,200.0,79.69,24.351591323771842,48.703182647543684,1.6362380375981262,1.0,EUC_2D (unrounded Euclidean distance),,,,,,,not_applicable,False,False,,,,,,,,,,0.0,0.0,0.0,,,,,,,,,,,,,,,,,0.0,exact enumerated-column BPC is limited to at most 8 customers,/Users/guoyiyang/Documents/GitHub/FURP-2026-Yiyang-GUO-EVRP-TW/results/week05_advanced/raw/primary-rc101_21-branch_price_and_cut-0.json,/Users/guoyiyang/Documents/GitHub/FURP-2026-Yiyang-GUO-EVRP-TW/results/week05_advanced/solutions/primary-rc101_21-branch_price_and_cut-0.json,1,30.0
primary-rc101_21-alns_exact_charging-2014,2026-07-12T17:08:26.603726+00:00,2026-07-12T17:08:56.629202+00:00,Primary,rc101_21,rc101_21,ALNS_EXACT_CHARGING,primary ALNS-based matheuristic,bd9787f5ab1df174246303e854e9be04d56fb270+dirty,2014,100,21,200.0,79.69,24.351591323771842,48.703182647543684,1.6362380375981262,1.0,EUC_2D (unrounded Euclidean distance),24,2167.8628849589286,2167.8628849589286,2167.8628849589286,889.5892677565344,338.04392174748307,feasible,True,False,nan,,,,,,,0.5246015000011539,26.095608999999968,30.025288500000897,29.86442500000001,30.02552899999864,7,6,0,"{""random"": {""accepted"": 4, ""best"": 4, ""calls"": 5, ""improved"": 4, ""weight"": 5.1328000000000005}, ""related"": {""accepted"": 0, ""best"": 0, ""calls"": 0, ""improved"": 0, ""weight"": 1.0}, ""worst"": {""accepted"": 2, ""best"": 2, ""calls"": 2, ""improved"": 2, ""weight"": 3.5200000000000005}}","{""energy"": {""accepted"": 0, ""best"": 0, ""calls"": 0, ""improved"": 0, ""weight"": 1.0}, ""greedy"": {""accepted"": 4, ""best"": 4, ""calls"": 5, ""improved"": 4, ""weight"": 5.1328000000000005}, ""regret2"": {""accepted"": 2, ""best"": 2, ""calls"": 2, ""improved"": 2, ""weight"": 3.5200000000000005}}",2339,0.012768906525442481,,,,,11623172,,,11069306,,119.046875,,/Users/guoyiyang/Documents/GitHub/FURP-2026-Yiyang-GUO-EVRP-TW/results/week05_advanced/raw/primary-rc101_21-alns_exact_charging-2014.json,/Users/guoyiyang/Documents/GitHub/FURP-2026-Yiyang-GUO-EVRP-TW/results/week05_advanced/solutions/primary-rc101_21-alns_exact_charging-2014.json,1,30.0
primary-rc101_21-alns_exact_charging-2015,2026-07-12T17:08:56.643405+00:00,2026-07-12T17:09:26.648164+00:00,Primary,rc101_21,rc101_21,ALNS_EXACT_CHARGING,primary ALNS-based matheuristic,bd9787f5ab1df174246303e854e9be04d56fb270+dirty,2015,100,21,200.0,79.69,24.351591323771842,48.703182647543684,1.6362380375981262,1.0,EUC_2D (unrounded Euclidean distance),25,2230.920914364931,2230.920914364931,2230.920914364931,899.7078695468643,341.88899042780844,feasible,True,False,nan,,,,,,,0.537929082998744,26.96182545800184,30.00432754099893,29.88896600000001,30.00481362499704,8,7,0,"{""random"": {""accepted"": 0, ""best"": 0, ""calls"": 0, ""improved"": 0, ""weight"": 1.0}, ""related"": {""accepted"": 5, ""best"": 4, ""calls"": 6, ""improved"": 4, ""weight"": 4.98944}, ""worst"": {""accepted"": 2, ""best"": 2, ""calls"": 2, ""improved"": 2, ""weight"": 3.5200000000000005}}","{""energy"": {""accepted"": 3, ""best"": 3, ""calls"": 3, ""improved"": 3, ""weight"": 4.416}, ""greedy"": {""accepted"": 1, ""best"": 1, ""calls"": 1, ""improved"": 1, ""weight"": 2.4000000000000004}, ""regret2"": {""accepted"": 3, ""best"": 2, ""calls"": 4, ""improved"": 2, ""weight"": 3.2960000000000007}}",2462,0.012122906769688873,,,,,11716428,,,11157782,,119.046875,,/Users/guoyiyang/Documents/GitHub/FURP-2026-Yiyang-GUO-EVRP-TW/results/week05_advanced/raw/primary-rc101_21-alns_exact_charging-2015.json,/Users/guoyiyang/Documents/GitHub/FURP-2026-Yiyang-GUO-EVRP-TW/results/week05_advanced/solutions/primary-rc101_21-alns_exact_charging-2015.json,1,30.0
primary-rc101_21-alns_exact_charging-2016,2026-07-12T17:09:26.662300+00:00,2026-07-12T17:09:56.670160+00:00,Primary,rc101_21,rc101_21,ALNS_EXACT_CHARGING,primary ALNS-based matheuristic,bd9787f5ab1df174246303e854e9be04d56fb270+dirty,2016,100,21,200.0,79.69,24.351591323771842,48.703182647543684,1.6362380375981262,1.0,EUC_2D (unrounded Euclidean distance),25,2271.074260613141,2271.074260613141,2271.074260613141,1050.79597932006,399.30247214162284,feasible,True,False,nan,,,,,,,0.5249120830012544,26.456437041000754,30.00759333300084,29.964905999999985,30.007915750000393,7,6,0,"{""random"": {""accepted"": 3, ""best"": 1, ""calls"": 4, ""improved"": 1, ""weight"": 1.8960000000000006}, ""related"": {""accepted"": 2, ""best"": 1, ""calls"": 2, ""improved"": 1, ""weight"": 2.4000000000000004}, ""worst"": {""accepted"": 1, ""best"": 1, ""calls"": 1, ""improved"": 1, ""weight"": 2.4000000000000004}}","{""energy"": {""accepted"": 0, ""best"": 0, ""calls"": 0, ""improved"": 0, ""weight"": 1.0}, ""greedy"": {""accepted"": 1, ""best"": 1, ""calls"": 1, ""improved"": 1, ""weight"": 2.4000000000000004}, ""regret2"": {""accepted"": 5, ""best"": 2, ""calls"": 6, ""improved"": 2, ""weight"": 3.1168000000000005}}",2526,0.01181859815007321,,,,,11808048,,,11245558,,119.046875,,/Users/guoyiyang/Documents/GitHub/FURP-2026-Yiyang-GUO-EVRP-TW/results/week05_advanced/raw/primary-rc101_21-alns_exact_charging-2016.json,/Users/guoyiyang/Documents/GitHub/FURP-2026-Yiyang-GUO-EVRP-TW/results/week05_advanced/solutions/primary-rc101_21-alns_exact_charging-2016.json,1,30.0
primary-rc101_21-or_tools_vrptw-0,2026-07-12T17:09:56.684889+00:00,2026-07-12T17:09:56.890674+00:00,Primary,rc101_21,rc101_21,OR_TOOLS_VRPTW,classical VRPTW baseline; no charging optimization,bd9787f5ab1df174246303e854e9be04d56fb270+dirty,0,100,21,200.0,79.69,24.351591323771842,48.703182647543684,1.6362380375981262,1.0,EUC_2D (unrounded Euclidean distance),16,1612.0475334119171,1612.0475334119171,1612.0475334119171,0.0,0.0,invalid,False,False,nan,,,,,,,,,0.20578475000002072,0.20555899999999383,0.20578475000002072,,,,,,,,,,,,,,,,,119.125,battery depleted on leg 7 (C29->C34) | battery depleted on leg 8 (C34->C67) | arrival at C67 (204.136) exceeds due date 204 | battery depleted on leg 9 (C67->D0) | battery depleted on leg 7 (C20->C56) | battery depleted on leg 8 (C56->D0) | battery depleted on leg 7 (C83->D0) | battery depleted on leg 6 (C1->D0) | battery depleted on leg 10 (C35->C61) | battery depleted on leg 11 (C61->D0) | battery depleted on leg 6 (C9->C98) | battery depleted on leg 7 (C98->D0) | battery depleted on leg 5 (C89->C51) | battery depleted on leg 6 (C51->D0) | battery depleted on leg 5 (C77->C25) | battery depleted on leg 6 (C25->C21) | battery depleted on leg 7 (C21->C48) | battery depleted on leg 8 (C48->D0) | battery depleted on leg 7 (C30->C50) | battery depleted on leg 8 (C50->D0) | battery depleted on leg 7 (C17->C60) | battery depleted on leg 8 (C60->D0) | battery depleted on leg 8 (C46->D0) | battery depleted on leg 5 (C97->C86) | battery depleted on leg 6 (C86->D0) | battery depleted on leg 7 (C81->D0) | battery depleted on leg 7 (C88->C82) | battery depleted on leg 8 (C82->C90) | battery depleted on leg 9 (C90->D0),/Users/guoyiyang/Documents/GitHub/FURP-2026-Yiyang-GUO-EVRP-TW/results/week05_advanced/raw/primary-rc101_21-or_tools_vrptw-0.json,/Users/guoyiyang/Documents/GitHub/FURP-2026-Yiyang-GUO-EVRP-TW/results/week05_advanced/solutions/primary-rc101_21-or_tools_vrptw-0.json,1,30.0
primary-rc101_21-ga_vrptw-2014,2026-07-12T17:09:56.903707+00:00,2026-07-12T17:09:59.134191+00:00,Primary,rc101_21,rc101_21,GA_VRPTW,weak baseline; chromosome decoder has no exact station insertion,bd9787f5ab1df174246303e854e9be04d56fb270+dirty,2014,100,21,200.0,79.69,24.351591323771842,48.703182647543684,1.6362380375981262,1.0,EUC_2D (unrounded Euclidean distance),80,5846.726113230751,5846.726113230751,5846.726113230751,0.0,0.0,invalid,False,False,nan,,,,,,,,,2.230488458000764,2.228206,2.230488458000764,,,,,,,,,,,,,,,,,119.15625,battery depleted on leg 2 (C28->D0) | battery depleted on leg 2 (C76->D0) | battery depleted on leg 2 (C35->D0) | battery depleted on leg 2 (C89->D0) | battery depleted on leg 2 (C40->D0) | battery depleted on leg 2 (C32->D0) | battery depleted on leg 2 (C18->D0) | battery depleted on leg 2 (C16->D0) | battery depleted on leg 2 (C58->D0) | battery depleted on leg 2 (C33->D0) | battery depleted on leg 2 (C97->D0) | battery depleted on leg 2 (C75->D0) | battery depleted on leg 2 (C36->D0) | battery depleted on leg 2 (C5->D0) | battery depleted on leg 2 (C26->D0) | battery depleted on leg 2 (C19->D0) | battery depleted on leg 2 (C29->D0) | battery depleted on leg 2 (C34->D0) | battery depleted on leg 2 (C21->D0) | battery depleted on leg 2 (C31->D0) | battery depleted on leg 2 (C59->D0) | battery depleted on leg 2 (C77->D0) | battery depleted on leg 2 (C48->D0) | battery depleted on leg 2 (C27->D0) | battery depleted on leg 2 (C30->D0) | battery depleted on leg 2 (C17->D0) | battery depleted on leg 2 (C37->D0) | battery depleted on leg 2 (C25->D0) | battery depleted on leg 2 (C23->D0),/Users/guoyiyang/Documents/GitHub/FURP-2026-Yiyang-GUO-EVRP-TW/results/week05_advanced/raw/primary-rc101_21-ga_vrptw-2014.json,/Users/guoyiyang/Documents/GitHub/FURP-2026-Yiyang-GUO-EVRP-TW/results/week05_advanced/solutions/primary-rc101_21-ga_vrptw-2014.json,1,30.0
primary-rc101_21-ga_vrptw-2015,2026-07-12T17:09:59.148101+00:00,2026-07-12T17:10:01.375020+00:00,Primary,rc101_21,rc101_21,GA_VRPTW,weak baseline; chromosome decoder has no exact station insertion,bd9787f5ab1df174246303e854e9be04d56fb270+dirty,2015,100,21,200.0,79.69,24.351591323771842,48.703182647543684,1.6362380375981262,1.0,EUC_2D (unrounded Euclidean distance),83,6059.243970265868,6059.243970265868,6059.243970265868,0.0,0.0,invalid,False,False,nan,,,,,,,,,2.2269215839987737,2.224509000000012,2.2269215839987737,,,,,,,,,,,,,,,,,119.15625,battery depleted on leg 2 (C97->D0) | battery depleted on leg 2 (C35->D0) | battery depleted on leg 2 (C16->D0) | battery depleted on leg 2 (C32->D0) | battery depleted on leg 2 (C89->D0) | battery depleted on leg 2 (C77->D0) | battery depleted on leg 2 (C27->D0) | battery depleted on leg 2 (C29->D0) | battery depleted on leg 2 (C34->D0) | battery depleted on leg 2 (C31->D0) | battery depleted on leg 2 (C76->D0) | battery depleted on leg 2 (C36->D0) | battery depleted on leg 2 (C30->D0) | battery depleted on leg 2 (C23->D0) | battery depleted on leg 2 (C37->D0) | battery depleted on leg 2 (C17->D0) | battery depleted on leg 2 (C40->D0) | battery depleted on leg 2 (C58->D0) | battery depleted on leg 2 (C21->D0) | battery depleted on leg 2 (C33->D0) | battery depleted on leg 2 (C48->D0) | battery depleted on leg 2 (C26->D0) | battery depleted on leg 2 (C18->D0) | battery depleted on leg 2 (C28->D0) | battery depleted on leg 2 (C19->D0) | battery depleted on leg 2 (C25->D0) | battery depleted on leg 2 (C75->D0) | battery depleted on leg 2 (C5->D0) | battery depleted on leg 2 (C59->D0),/Users/guoyiyang/Documents/GitHub/FURP-2026-Yiyang-GUO-EVRP-TW/results/week05_advanced/raw/primary-rc101_21-ga_vrptw-2015.json,/Users/guoyiyang/Documents/GitHub/FURP-2026-Yiyang-GUO-EVRP-TW/results/week05_advanced/solutions/primary-rc101_21-ga_vrptw-2015.json,1,30.0
primary-rc101_21-ga_vrptw-2016,2026-07-12T17:10:01.388668+00:00,2026-07-12T17:10:03.618834+00:00,Primary,rc101_21,rc101_21,GA_VRPTW,weak baseline; chromosome decoder has no exact station insertion,bd9787f5ab1df174246303e854e9be04d56fb270+dirty,2016,100,21,200.0,79.69,24.351591323771842,48.703182647543684,1.6362380375981262,1.0,EUC_2D (unrounded Euclidean distance),86,6041.032248641398,6041.032248641398,6041.032248641398,0.0,0.0,invalid,False,False,nan,,,,,,,,,2.230171416998928,2.227753000000007,2.230171416998928,,,,,,,,,,,,,,,,,119.15625,battery depleted on leg 2 (C32->D0) | battery depleted on leg 2 (C33->D0) | battery depleted on leg 2 (C16->D0) | battery depleted on leg 2 (C27->D0) | battery depleted on leg 2 (C36->D0) | battery depleted on leg 2 (C34->D0) | battery depleted on leg 2 (C28->D0) | battery depleted on leg 2 (C89->D0) | battery depleted on leg 2 (C58->D0) | battery depleted on leg 2 (C97->D0) | battery depleted on leg 2 (C37->D0) | battery depleted on leg 2 (C23->D0) | battery depleted on leg 2 (C75->D0) | battery depleted on leg 2 (C21->D0) | battery depleted on leg 2 (C29->D0) | battery depleted on leg 2 (C48->D0) | battery depleted on leg 2 (C59->D0) | battery depleted on leg 2 (C31->D0) | battery depleted on leg 2 (C18->D0) | battery depleted on leg 2 (C77->D0) | battery depleted on leg 2 (C17->D0) | battery depleted on leg 2 (C26->D0) | battery depleted on leg 2 (C30->D0) | battery depleted on leg 2 (C40->D0) | battery depleted on leg 2 (C19->D0) | battery depleted on leg 2 (C5->D0) | battery depleted on leg 2 (C25->D0) | battery depleted on leg 2 (C76->D0) | battery depleted on leg 2 (C35->D0),/Users/guoyiyang/Documents/GitHub/FURP-2026-Yiyang-GUO-EVRP-TW/results/week05_advanced/raw/primary-rc101_21-ga_vrptw-2016.json,/Users/guoyiyang/Documents/GitHub/FURP-2026-Yiyang-GUO-EVRP-TW/results/week05_advanced/solutions/primary-rc101_21-ga_vrptw-2016.json,1,30.0
stress-c101C5_battery_stress-branch_price_and_cut-0,2026-07-12T17:10:03.631976+00:00,2026-07-12T17:10:03.666905+00:00,Stress,c101C5_battery_stress,c101C5,BRANCH_PRICE_AND_CUT,small-scale exact theoretical reference,bd9787f5ab1df174246303e854e9be04d56fb270+dirty,0,5,3,200.0,62.43748873873773,29.732137494637012,59.464274989274024,1.05,1.0,EUC_2D (unrounded Euclidean distance),4,250.03796759039258,250.03796759039258,250.03796759039258,44.16162805961776,153.24084936687365,feasible,True,True,250.0379675903926,0.0,250.0379675903926,250.0379675903926,250.0379675903926,250.0379675903926,0.0,,,0.03491204199963249,0.03489600000000337,0.034926666998217115,,,,,,,,1,14,10,2,86,26,610,311,1,119.15625,,/Users/guoyiyang/Documents/GitHub/FURP-2026-Yiyang-GUO-EVRP-TW/results/week05_advanced/raw/stress-c101C5_battery_stress-branch_price_and_cut-0.json,/Users/guoyiyang/Documents/GitHub/FURP-2026-Yiyang-GUO-EVRP-TW/results/week05_advanced/solutions/stress-c101C5_battery_stress-branch_price_and_cut-0.json,1,30.0
stress-c101C5_battery_stress-alns_exact_charging-2014,2026-07-12T17:10:03.679114+00:00,2026-07-12T17:10:03.694006+00:00,Stress,c101C5_battery_stress,c101C5,ALNS_EXACT_CHARGING,primary ALNS-based matheuristic,bd9787f5ab1df174246303e854e9be04d56fb270+dirty,2014,5,3,200.0,62.43748873873773,29.732137494637012,59.464274989274024,1.05,1.0,EUC_2D (unrounded Euclidean distance),3,250.03796759039258,250.03796759039258,250.03796759039258,87.24294651669379,302.73302441292753,feasible,True,False,250.0379675903926,-1.136695746822095e-16,,,,,,0.0026115410000784323,0.0036772909988940228,0.014859915998385986,0.01488300000005438,0.014889041001879377,1000,1000,0,"{""random"": {""accepted"": 345, ""best"": 1, ""calls"": 345, ""improved"": 1, ""weight"": 1.0000000000000007}, ""related"": {""accepted"": 327, ""best"": 0, ""calls"": 327, ""improved"": 0, ""weight"": 1.0}, ""worst"": {""accepted"": 328, ""best"": 0, ""calls"": 328, ""improved"": 0, ""weight"": 1.0}}","{""energy"": {""accepted"": 321, ""best"": 0, ""calls"": 321, ""improved"": 0, ""weight"": 1.0}, ""greedy"": {""accepted"": 318, ""best"": 0, ""calls"": 318, ""improved"": 0, ""weight"": 1.0}, ""regret2"": {""accepted"": 361, ""best"": 1, ""calls"": 361, ""improved"": 1, ""weight"": 1.0000000000000007}}",55,0.00010728259982318957,,,,,4020,,,2758,,119.15625,,/Users/guoyiyang/Documents/GitHub/FURP-2026-Yiyang-GUO-EVRP-TW/results/week05_advanced/raw/stress-c101C5_battery_stress-alns_exact_charging-2014.json,/Users/guoyiyang/Documents/GitHub/FURP-2026-Yiyang-GUO-EVRP-TW/results/week05_advanced/solutions/stress-c101C5_battery_stress-alns_exact_charging-2014.json,1,30.0
stress-c101C5_battery_stress-alns_exact_charging-2015,2026-07-12T17:10:03.705118+00:00,2026-07-12T17:10:03.720840+00:00,Stress,c101C5_battery_stress,c101C5,ALNS_EXACT_CHARGING,primary ALNS-based matheuristic,bd9787f5ab1df174246303e854e9be04d56fb270+dirty,2015,5,3,200.0,62.43748873873773,29.732137494637012,59.464274989274024,1.05,1.0,EUC_2D (unrounded Euclidean distance),3,250.03796759039258,250.03796759039258,250.03796759039258,87.24294651669379,302.73302441292753,feasible,True,False,250.0379675903926,-1.136695746822095e-16,,,,,,0.0025585000003047753,0.004960833000950515,0.01569283299977542,0.01571299999994835,0.015719250000984175,1000,1000,0,"{""random"": {""accepted"": 343, ""best"": 0, ""calls"": 343, ""improved"": 0, ""weight"": 1.0}, ""related"": {""accepted"": 343, ""best"": 1, ""calls"": 343, ""improved"": 1, ""weight"": 1.0000000000000007}, ""worst"": {""accepted"": 314, ""best"": 0, ""calls"": 314, ""improved"": 0, ""weight"": 1.0}}","{""energy"": {""accepted"": 331, ""best"": 1, ""calls"": 331, ""improved"": 1, ""weight"": 1.0000000000000007}, ""greedy"": {""accepted"": 360, ""best"": 0, ""calls"": 360, ""improved"": 0, ""weight"": 1.0}, ""regret2"": {""accepted"": 309, ""best"": 0, ""calls"": 309, ""improved"": 0, ""weight"": 1.0}}",60,0.0001088319166835087,,,,,4494,,,3088,,119.15625,,/Users/guoyiyang/Documents/GitHub/FURP-2026-Yiyang-GUO-EVRP-TW/results/week05_advanced/raw/stress-c101C5_battery_stress-alns_exact_charging-2015.json,/Users/guoyiyang/Documents/GitHub/FURP-2026-Yiyang-GUO-EVRP-TW/results/week05_advanced/solutions/stress-c101C5_battery_stress-alns_exact_charging-2015.json,1,30.0
stress-c101C5_battery_stress-alns_exact_charging-2016,2026-07-12T17:10:03.732208+00:00,2026-07-12T17:10:03.748072+00:00,Stress,c101C5_battery_stress,c101C5,ALNS_EXACT_CHARGING,primary ALNS-based matheuristic,bd9787f5ab1df174246303e854e9be04d56fb270+dirty,2016,5,3,200.0,62.43748873873773,29.732137494637012,59.464274989274024,1.05,1.0,EUC_2D (unrounded Euclidean distance),3,250.03796759039258,250.03796759039258,250.03796759039258,87.24294651669379,302.73302441292753,feasible,True,False,250.0379675903926,-1.136695746822095e-16,,,,,,0.002601374999358086,0.004459833999135299,0.01583612499962328,0.015842999999961194,0.01586204199702479,1000,1000,0,"{""random"": {""accepted"": 345, ""best"": 0, ""calls"": 345, ""improved"": 0, ""weight"": 1.0}, ""related"": {""accepted"": 329, ""best"": 1, ""calls"": 329, ""improved"": 1, ""weight"": 1.0000000000000007}, ""worst"": {""accepted"": 326, ""best"": 0, ""calls"": 326, ""improved"": 0, ""weight"": 1.0}}","{""energy"": {""accepted"": 326, ""best"": 0, ""calls"": 326, ""improved"": 0, ""weight"": 1.0}, ""greedy"": {""accepted"": 342, ""best"": 1, ""calls"": 342, ""improved"": 1, ""weight"": 1.0000000000000007}, ""regret2"": {""accepted"": 332, ""best"": 0, ""calls"": 332, ""improved"": 0, ""weight"": 1.0}}",60,0.00011029999980867918,,,,,4494,,,3088,,119.15625,,/Users/guoyiyang/Documents/GitHub/FURP-2026-Yiyang-GUO-EVRP-TW/results/week05_advanced/raw/stress-c101C5_battery_stress-alns_exact_charging-2016.json,/Users/guoyiyang/Documents/GitHub/FURP-2026-Yiyang-GUO-EVRP-TW/results/week05_advanced/solutions/stress-c101C5_battery_stress-alns_exact_charging-2016.json,1,30.0
stress-c101C5_battery_stress-or_tools_vrptw-0,2026-07-12T17:10:03.759895+00:00,2026-07-12T17:10:03.761423+00:00,Stress,c101C5_battery_stress,c101C5,OR_TOOLS_VRPTW,classical VRPTW baseline; no charging optimization,bd9787f5ab1df174246303e854e9be04d56fb270+dirty,0,5,3,200.0,62.43748873873773,29.732137494637012,59.464274989274024,1.05,1.0,EUC_2D (unrounded Euclidean distance),3,234.71709679263063,234.71709679263063,234.71709679263063,0.0,0.0,invalid,False,False,250.0379675903926,,,,,,,,,0.0015249159987433814,0.0015250000000150976,0.0015249159987433814,,,,,,,,,,,,,,,,,119.15625,battery depleted on leg 3 (C85->D0) | battery depleted on leg 2 (C12->C100) | battery depleted on leg 3 (C100->D0),/Users/guoyiyang/Documents/GitHub/FURP-2026-Yiyang-GUO-EVRP-TW/results/week05_advanced/raw/stress-c101C5_battery_stress-or_tools_vrptw-0.json,/Users/guoyiyang/Documents/GitHub/FURP-2026-Yiyang-GUO-EVRP-TW/results/week05_advanced/solutions/stress-c101C5_battery_stress-or_tools_vrptw-0.json,1,30.0
stress-c101C5_battery_stress-ga_vrptw-2014,2026-07-12T17:10:03.772720+00:00,2026-07-12T17:10:03.870824+00:00,Stress,c101C5_battery_stress,c101C5,GA_VRPTW,weak baseline; chromosome decoder has no exact station insertion,bd9787f5ab1df174246303e854e9be04d56fb270+dirty,2014,5,3,200.0,62.43748873873773,29.732137494637012,59.464274989274024,1.05,1.0,EUC_2D (unrounded Euclidean distance),5,296.0921118198048,296.0921118198048,296.0921118198048,0.0,0.0,invalid,False,False,250.0379675903926,,,,,,,,,0.09810191600263352,0.09801700000002711,0.09810191600263352,,,,,,,,,,,,,,,,,119.15625,battery depleted on leg 2 (C100->D0) | battery depleted on leg 2 (C12->D0),/Users/guoyiyang/Documents/GitHub/FURP-2026-Yiyang-GUO-EVRP-TW/results/week05_advanced/raw/stress-c101C5_battery_stress-ga_vrptw-2014.json,/Users/guoyiyang/Documents/GitHub/FURP-2026-Yiyang-GUO-EVRP-TW/results/week05_advanced/solutions/stress-c101C5_battery_stress-ga_vrptw-2014.json,1,30.0
stress-c101C5_battery_stress-ga_vrptw-2015,2026-07-12T17:10:03.884828+00:00,2026-07-12T17:10:03.982726+00:00,Stress,c101C5_battery_stress,c101C5,GA_VRPTW,weak baseline; chromosome decoder has no exact station insertion,bd9787f5ab1df174246303e854e9be04d56fb270+dirty,2015,5,3,200.0,62.43748873873773,29.732137494637012,59.464274989274024,1.05,1.0,EUC_2D (unrounded Euclidean distance),5,296.0921118198048,296.0921118198048,296.0921118198048,0.0,0.0,invalid,False,False,250.0379675903926,,,,,,,,,0.09789533399816719,0.09779699999995728,0.09789533399816719,,,,,,,,,,,,,,,,,119.15625,battery depleted on leg 2 (C100->D0) | battery depleted on leg 2 (C12->D0),/Users/guoyiyang/Documents/GitHub/FURP-2026-Yiyang-GUO-EVRP-TW/results/week05_advanced/raw/stress-c101C5_battery_stress-ga_vrptw-2015.json,/Users/guoyiyang/Documents/GitHub/FURP-2026-Yiyang-GUO-EVRP-TW/results/week05_advanced/solutions/stress-c101C5_battery_stress-ga_vrptw-2015.json,1,30.0
stress-c101C5_battery_stress-ga_vrptw-2016,2026-07-12T17:10:03.994176+00:00,2026-07-12T17:10:04.092053+00:00,Stress,c101C5_battery_stress,c101C5,GA_VRPTW,weak baseline; chromosome decoder has no exact station insertion,bd9787f5ab1df174246303e854e9be04d56fb270+dirty,2016,5,3,200.0,62.43748873873773,29.732137494637012,59.464274989274024,1.05,1.0,EUC_2D (unrounded Euclidean distance),5,296.0921118198048,296.0921118198048,296.0921118198048,0.0,0.0,invalid,False,False,250.0379675903926,,,,,,,,,0.09787670800142223,0.09776099999999133,0.09787670800142223,,,,,,,,,,,,,,,,,119.15625,battery depleted on leg 2 (C100->D0) | battery depleted on leg 2 (C12->D0),/Users/guoyiyang/Documents/GitHub/FURP-2026-Yiyang-GUO-EVRP-TW/results/week05_advanced/raw/stress-c101C5_battery_stress-ga_vrptw-2016.json,/Users/guoyiyang/Documents/GitHub/FURP-2026-Yiyang-GUO-EVRP-TW/results/week05_advanced/solutions/stress-c101C5_battery_stress-ga_vrptw-2016.json,1,30.0
stress-r105C5_battery_stress-branch_price_and_cut-0,2026-07-12T17:10:04.104875+00:00,2026-07-12T17:10:04.137785+00:00,Stress,r105C5_battery_stress,r105C5,BRANCH_PRICE_AND_CUT,small-scale exact theoretical reference,bd9787f5ab1df174246303e854e9be04d56fb270+dirty,0,5,3,200.0,58.34826475568918,27.784887978899608,55.569775957799216,1.05,1.0,EUC_2D (unrounded Euclidean distance),2,156.08206946417084,156.08206946417084,156.08206946417084,90.12225090073764,44.15990294136144,feasible,True,True,156.08206946417084,0.0,156.08206946417084,156.08206946417084,156.08206946417084,156.08206946417084,0.0,,,0.03289491699979408,0.03289000000000897,0.03290795900102239,,,,,,,,1,16,15,2,86,26,610,309,1,119.171875,,/Users/guoyiyang/Documents/GitHub/FURP-2026-Yiyang-GUO-EVRP-TW/results/week05_advanced/raw/stress-r105C5_battery_stress-branch_price_and_cut-0.json,/Users/guoyiyang/Documents/GitHub/FURP-2026-Yiyang-GUO-EVRP-TW/results/week05_advanced/solutions/stress-r105C5_battery_stress-branch_price_and_cut-0.json,1,30.0
stress-r105C5_battery_stress-alns_exact_charging-2014,2026-07-12T17:10:04.149421+00:00,2026-07-12T17:10:04.161017+00:00,Stress,r105C5_battery_stress,r105C5,ALNS_EXACT_CHARGING,primary ALNS-based matheuristic,bd9787f5ab1df174246303e854e9be04d56fb270+dirty,2014,5,3,200.0,58.34826475568918,27.784887978899608,55.569775957799216,1.05,1.0,EUC_2D (unrounded Euclidean distance),2,156.08206946417084,156.08206946417084,156.08206946417084,90.12225090073764,44.15990294136144,feasible,True,False,156.08206946417084,0.0,,,,,,0.0023289170021598693,0.0023289170021598693,0.011568375000933884,0.011580999999978303,0.011594042000069749,1000,1000,0,"{""random"": {""accepted"": 342, ""best"": 0, ""calls"": 342, ""improved"": 0, ""weight"": 1.0}, ""related"": {""accepted"": 331, ""best"": 0, ""calls"": 331, ""improved"": 0, ""weight"": 1.0}, ""worst"": {""accepted"": 327, ""best"": 0, ""calls"": 327, ""improved"": 0, ""weight"": 1.0}}","{""energy"": {""accepted"": 324, ""best"": 0, ""calls"": 324, ""improved"": 0, ""weight"": 1.0}, ""greedy"": {""accepted"": 321, ""best"": 0, ""calls"": 321, ""improved"": 0, ""weight"": 1.0}, ""regret2"": {""accepted"": 355, ""best"": 0, ""calls"": 355, ""improved"": 0, ""weight"": 1.0}}",37,9.637281087831266e-05,,,,,2434,,,1664,,119.171875,,/Users/guoyiyang/Documents/GitHub/FURP-2026-Yiyang-GUO-EVRP-TW/results/week05_advanced/raw/stress-r105C5_battery_stress-alns_exact_charging-2014.json,/Users/guoyiyang/Documents/GitHub/FURP-2026-Yiyang-GUO-EVRP-TW/results/week05_advanced/solutions/stress-r105C5_battery_stress-alns_exact_charging-2014.json,1,30.0
stress-r105C5_battery_stress-alns_exact_charging-2015,2026-07-12T17:10:04.172105+00:00,2026-07-12T17:10:04.183627+00:00,Stress,r105C5_battery_stress,r105C5,ALNS_EXACT_CHARGING,primary ALNS-based matheuristic,bd9787f5ab1df174246303e854e9be04d56fb270+dirty,2015,5,3,200.0,58.34826475568918,27.784887978899608,55.569775957799216,1.05,1.0,EUC_2D (unrounded Euclidean distance),2,156.08206946417084,156.08206946417084,156.08206946417084,90.12225090073764,44.15990294136144,feasible,True,False,156.08206946417084,0.0,,,,,,0.0022768749986425973,0.0022768749986425973,0.011493374997371575,0.011510999999984506,0.011518374998559011,1000,1000,0,"{""random"": {""accepted"": 345, ""best"": 0, ""calls"": 345, ""improved"": 0, ""weight"": 1.0}, ""related"": {""accepted"": 342, ""best"": 0, ""calls"": 342, ""improved"": 0, ""weight"": 1.0}, ""worst"": {""accepted"": 313, ""best"": 0, ""calls"": 313, ""improved"": 0, ""weight"": 1.0}}","{""energy"": {""accepted"": 329, ""best"": 0, ""calls"": 329, ""improved"": 0, ""weight"": 1.0}, ""greedy"": {""accepted"": 363, ""best"": 0, ""calls"": 363, ""improved"": 0, ""weight"": 1.0}, ""regret2"": {""accepted"": 308, ""best"": 0, ""calls"": 308, ""improved"": 0, ""weight"": 1.0}}",37,9.566437821942256e-05,,,,,2434,,,1664,,119.171875,,/Users/guoyiyang/Documents/GitHub/FURP-2026-Yiyang-GUO-EVRP-TW/results/week05_advanced/raw/stress-r105C5_battery_stress-alns_exact_charging-2015.json,/Users/guoyiyang/Documents/GitHub/FURP-2026-Yiyang-GUO-EVRP-TW/results/week05_advanced/solutions/stress-r105C5_battery_stress-alns_exact_charging-2015.json,1,30.0
stress-r105C5_battery_stress-alns_exact_charging-2016,2026-07-12T17:10:04.194470+00:00,2026-07-12T17:10:04.206029+00:00,Stress,r105C5_battery_stress,r105C5,ALNS_EXACT_CHARGING,primary ALNS-based matheuristic,bd9787f5ab1df174246303e854e9be04d56fb270+dirty,2016,5,3,200.0,58.34826475568918,27.784887978899608,55.569775957799216,1.05,1.0,EUC_2D (unrounded Euclidean distance),2,156.08206946417084,156.08206946417084,156.08206946417084,90.12225090073764,44.15990294136144,feasible,True,False,156.08206946417084,0.0,,,,,,0.002280166001582984,0.002280166001582984,0.011530625000887085,0.011546000000009826,0.011557166999409674,1000,1000,0,"{""random"": {""accepted"": 344, ""best"": 0, ""calls"": 344, ""improved"": 0, ""weight"": 1.0}, ""related"": {""accepted"": 322, ""best"": 0, ""calls"": 322, ""improved"": 0, ""weight"": 1.0}, ""worst"": {""accepted"": 334, ""best"": 0, ""calls"": 334, ""improved"": 0, ""weight"": 1.0}}","{""energy"": {""accepted"": 324, ""best"": 0, ""calls"": 324, ""improved"": 0, ""weight"": 1.0}, ""greedy"": {""accepted"": 331, ""best"": 0, ""calls"": 331, ""improved"": 0, ""weight"": 1.0}, ""regret2"": {""accepted"": 345, ""best"": 0, ""calls"": 345, ""improved"": 0, ""weight"": 1.0}}",37,9.519816248447987e-05,,,,,2434,,,1664,,119.171875,,/Users/guoyiyang/Documents/GitHub/FURP-2026-Yiyang-GUO-EVRP-TW/results/week05_advanced/raw/stress-r105C5_battery_stress-alns_exact_charging-2016.json,/Users/guoyiyang/Documents/GitHub/FURP-2026-Yiyang-GUO-EVRP-TW/results/week05_advanced/solutions/stress-r105C5_battery_stress-alns_exact_charging-2016.json,1,30.0
stress-r105C5_battery_stress-or_tools_vrptw-0,2026-07-12T17:10:04.217180+00:00,2026-07-12T17:10:04.218660+00:00,Stress,r105C5_battery_stress,r105C5,OR_TOOLS_VRPTW,classical VRPTW baseline; no charging optimization,bd9787f5ab1df174246303e854e9be04d56fb270+dirty,0,5,3,200.0,58.34826475568918,27.784887978899608,55.569775957799216,1.05,1.0,EUC_2D (unrounded Euclidean distance),2,151.1487994612179,151.1487994612179,151.1487994612179,0.0,0.0,invalid,False,False,156.08206946417084,,,,,,,,,0.0014762920000066515,0.0014760000000251239,0.0014762920000066515,,,,,,,,,,,,,,,,,119.171875,battery depleted on leg 2 (C75->C91) | battery depleted on leg 3 (C91->C95) | battery depleted on leg 4 (C95->D0) | battery depleted on leg 3 (C28->D0),/Users/guoyiyang/Documents/GitHub/FURP-2026-Yiyang-GUO-EVRP-TW/results/week05_advanced/raw/stress-r105C5_battery_stress-or_tools_vrptw-0.json,/Users/guoyiyang/Documents/GitHub/FURP-2026-Yiyang-GUO-EVRP-TW/results/week05_advanced/solutions/stress-r105C5_battery_stress-or_tools_vrptw-0.json,1,30.0
stress-r105C5_battery_stress-ga_vrptw-2014,2026-07-12T17:10:04.229839+00:00,2026-07-12T17:10:04.325840+00:00,Stress,r105C5_battery_stress,r105C5,GA_VRPTW,weak baseline; chromosome decoder has no exact station insertion,bd9787f5ab1df174246303e854e9be04d56fb270+dirty,2014,5,3,200.0,58.34826475568918,27.784887978899608,55.569775957799216,1.05,1.0,EUC_2D (unrounded Euclidean distance),4,182.00669045105784,182.00669045105784,182.00669045105784,0.0,0.0,invalid,False,False,156.08206946417084,,,,,,,,,0.09599829199942178,0.09591899999998077,0.09599829199942178,,,,,,,,,,,,,,,,,119.171875,battery depleted on leg 2 (C78->D0),/Users/guoyiyang/Documents/GitHub/FURP-2026-Yiyang-GUO-EVRP-TW/results/week05_advanced/raw/stress-r105C5_battery_stress-ga_vrptw-2014.json,/Users/guoyiyang/Documents/GitHub/FURP-2026-Yiyang-GUO-EVRP-TW/results/week05_advanced/solutions/stress-r105C5_battery_stress-ga_vrptw-2014.json,1,30.0
stress-r105C5_battery_stress-ga_vrptw-2015,2026-07-12T17:10:04.338110+00:00,2026-07-12T17:10:04.433377+00:00,Stress,r105C5_battery_stress,r105C5,GA_VRPTW,weak baseline; chromosome decoder has no exact station insertion,bd9787f5ab1df174246303e854e9be04d56fb270+dirty,2015,5,3,200.0,58.34826475568918,27.784887978899608,55.569775957799216,1.05,1.0,EUC_2D (unrounded Euclidean distance),4,182.00669045105784,182.00669045105784,182.00669045105784,0.0,0.0,invalid,False,False,156.08206946417084,,,,,,,,,0.0952648330021475,0.09519399999999223,0.0952648330021475,,,,,,,,,,,,,,,,,119.171875,battery depleted on leg 2 (C78->D0),/Users/guoyiyang/Documents/GitHub/FURP-2026-Yiyang-GUO-EVRP-TW/results/week05_advanced/raw/stress-r105C5_battery_stress-ga_vrptw-2015.json,/Users/guoyiyang/Documents/GitHub/FURP-2026-Yiyang-GUO-EVRP-TW/results/week05_advanced/solutions/stress-r105C5_battery_stress-ga_vrptw-2015.json,1,30.0
stress-r105C5_battery_stress-ga_vrptw-2016,2026-07-12T17:10:04.445377+00:00,2026-07-12T17:10:04.541029+00:00,Stress,r105C5_battery_stress,r105C5,GA_VRPTW,weak baseline; chromosome decoder has no exact station insertion,bd9787f5ab1df174246303e854e9be04d56fb270+dirty,2016,5,3,200.0,58.34826475568918,27.784887978899608,55.569775957799216,1.05,1.0,EUC_2D (unrounded Euclidean distance),4,182.00669045105784,182.00669045105784,182.00669045105784,0.0,0.0,invalid,False,False,156.08206946417084,,,,,,,,,0.0956501250002475,0.09556300000002693,0.0956501250002475,,,,,,,,,,,,,,,,,119.171875,battery depleted on leg 2 (C78->D0),/Users/guoyiyang/Documents/GitHub/FURP-2026-Yiyang-GUO-EVRP-TW/results/week05_advanced/raw/stress-r105C5_battery_stress-ga_vrptw-2016.json,/Users/guoyiyang/Documents/GitHub/FURP-2026-Yiyang-GUO-EVRP-TW/results/week05_advanced/solutions/stress-r105C5_battery_stress-ga_vrptw-2016.json,1,30.0
stress-rc105C5_battery_stress-branch_price_and_cut-0,2026-07-12T17:10:04.553021+00:00,2026-07-12T17:10:04.589207+00:00,Stress,rc105C5_battery_stress,rc105C5,BRANCH_PRICE_AND_CUT,small-scale exact theoretical reference,bd9787f5ab1df174246303e854e9be04d56fb270+dirty,0,5,4,200.0,41.84220357485968,19.924858845171276,39.84971769034255,1.05,1.0,EUC_2D (unrounded Euclidean distance),3,265.0944858951172,265.0944858951172,265.0944858951172,169.45796854387999,66.08860773211319,feasible,True,True,265.09448589511715,0.0,265.09448589511715,265.09448589511715,265.09448589511715,265.09448589511715,0.0,,,0.03616995899938047,0.036166000000037,0.03618362500128569,,,,,,,,1,13,10,2,86,26,610,312,1,119.171875,,/Users/guoyiyang/Documents/GitHub/FURP-2026-Yiyang-GUO-EVRP-TW/results/week05_advanced/raw/stress-rc105C5_battery_stress-branch_price_and_cut-0.json,/Users/guoyiyang/Documents/GitHub/FURP-2026-Yiyang-GUO-EVRP-TW/results/week05_advanced/solutions/stress-rc105C5_battery_stress-branch_price_and_cut-0.json,1,30.0
stress-rc105C5_battery_stress-alns_exact_charging-2014,2026-07-12T17:10:04.601177+00:00,2026-07-12T17:10:04.615037+00:00,Stress,rc105C5_battery_stress,rc105C5,ALNS_EXACT_CHARGING,primary ALNS-based matheuristic,bd9787f5ab1df174246303e854e9be04d56fb270+dirty,2014,5,4,200.0,41.84220357485968,19.924858845171276,39.84971769034255,1.05,1.0,EUC_2D (unrounded Euclidean distance),3,265.0944858951172,265.0944858951172,265.0944858951172,169.45796854387999,66.08860773211319,feasible,True,False,265.09448589511715,2.1442701333024986e-16,,,,,,0.0023477079994336236,0.004095499996765284,0.013828832998115104,0.013844000000005963,0.013857417001418071,1000,1000,0,"{""random"": {""accepted"": 345, ""best"": 2, ""calls"": 345, ""improved"": 2, ""weight"": 1.0000000000000007}, ""related"": {""accepted"": 327, ""best"": 0, ""calls"": 327, ""improved"": 0, ""weight"": 1.0}, ""worst"": {""accepted"": 328, ""best"": 0, ""calls"": 328, ""improved"": 0, ""weight"": 1.0}}","{""energy"": {""accepted"": 324, ""best"": 0, ""calls"": 324, ""improved"": 0, ""weight"": 1.0}, ""greedy"": {""accepted"": 319, ""best"": 1, ""calls"": 319, ""improved"": 1, ""weight"": 1.0000000000000007}, ""regret2"": {""accepted"": 357, ""best"": 1, ""calls"": 357, ""improved"": 1, ""weight"": 1.0000000000000007}}",50,0.00010892573998717126,,,,,4732,,,3602,,119.171875,,/Users/guoyiyang/Documents/GitHub/FURP-2026-Yiyang-GUO-EVRP-TW/results/week05_advanced/raw/stress-rc105C5_battery_stress-alns_exact_charging-2014.json,/Users/guoyiyang/Documents/GitHub/FURP-2026-Yiyang-GUO-EVRP-TW/results/week05_advanced/solutions/stress-rc105C5_battery_stress-alns_exact_charging-2014.json,1,30.0
stress-rc105C5_battery_stress-alns_exact_charging-2015,2026-07-12T17:10:04.626709+00:00,2026-07-12T17:10:04.639938+00:00,Stress,rc105C5_battery_stress,rc105C5,ALNS_EXACT_CHARGING,primary ALNS-based matheuristic,bd9787f5ab1df174246303e854e9be04d56fb270+dirty,2015,5,4,200.0,41.84220357485968,19.924858845171276,39.84971769034255,1.05,1.0,EUC_2D (unrounded Euclidean distance),3,265.0944858951172,265.0944858951172,265.0944858951172,169.45796854387999,66.08860773211319,feasible,True,False,265.09448589511715,2.1442701333024986e-16,,,,,,0.002326834000996314,0.0029946670001663733,0.013201875000959262,0.01322099999998727,0.01322687499850872,1000,1000,0,"{""random"": {""accepted"": 344, ""best"": 0, ""calls"": 344, ""improved"": 0, ""weight"": 1.0}, ""related"": {""accepted"": 345, ""best"": 1, ""calls"": 345, ""improved"": 1, ""weight"": 1.0000000000000007}, ""worst"": {""accepted"": 311, ""best"": 0, ""calls"": 311, ""improved"": 0, ""weight"": 1.0}}","{""energy"": {""accepted"": 327, ""best"": 0, ""calls"": 327, ""improved"": 0, ""weight"": 1.0}, ""greedy"": {""accepted"": 363, ""best"": 0, ""calls"": 363, ""improved"": 0, ""weight"": 1.0}, ""regret2"": {""accepted"": 310, ""best"": 1, ""calls"": 310, ""improved"": 1, ""weight"": 1.0000000000000007}}",45,0.00010946202205054255,,,,,4270,,,3248,,119.1875,,/Users/guoyiyang/Documents/GitHub/FURP-2026-Yiyang-GUO-EVRP-TW/results/week05_advanced/raw/stress-rc105C5_battery_stress-alns_exact_charging-2015.json,/Users/guoyiyang/Documents/GitHub/FURP-2026-Yiyang-GUO-EVRP-TW/results/week05_advanced/solutions/stress-rc105C5_battery_stress-alns_exact_charging-2015.json,1,30.0
stress-rc105C5_battery_stress-alns_exact_charging-2016,2026-07-12T17:10:04.652041+00:00,2026-07-12T17:10:04.665760+00:00,Stress,rc105C5_battery_stress,rc105C5,ALNS_EXACT_CHARGING,primary ALNS-based matheuristic,bd9787f5ab1df174246303e854e9be04d56fb270+dirty,2016,5,4,200.0,41.84220357485968,19.924858845171276,39.84971769034255,1.05,1.0,EUC_2D (unrounded Euclidean distance),3,265.0944858951172,265.0944858951172,265.0944858951172,169.45796854387999,66.08860773211319,feasible,True,False,265.09448589511715,2.1442701333024986e-16,,,,,,0.0023718750016996637,0.0033974580001085997,0.013682332999451319,0.013700000000028467,0.01371366700186627,1000,1000,0,"{""random"": {""accepted"": 348, ""best"": 1, ""calls"": 348, ""improved"": 1, ""weight"": 1.0000000000000007}, ""related"": {""accepted"": 320, ""best"": 0, ""calls"": 320, ""improved"": 0, ""weight"": 1.0}, ""worst"": {""accepted"": 332, ""best"": 0, ""calls"": 332, ""improved"": 0, ""weight"": 1.0}}","{""energy"": {""accepted"": 329, ""best"": 1, ""calls"": 329, ""improved"": 1, ""weight"": 1.0000000000000007}, ""greedy"": {""accepted"": 330, ""best"": 0, ""calls"": 330, ""improved"": 0, ""weight"": 1.0}, ""regret2"": {""accepted"": 341, ""best"": 0, ""calls"": 341, ""improved"": 0, ""weight"": 1.0}}",48,0.00010938199996720262,,,,,4580,,,3486,,119.1875,,/Users/guoyiyang/Documents/GitHub/FURP-2026-Yiyang-GUO-EVRP-TW/results/week05_advanced/raw/stress-rc105C5_battery_stress-alns_exact_charging-2016.json,/Users/guoyiyang/Documents/GitHub/FURP-2026-Yiyang-GUO-EVRP-TW/results/week05_advanced/solutions/stress-rc105C5_battery_stress-alns_exact_charging-2016.json,1,30.0
stress-rc105C5_battery_stress-or_tools_vrptw-0,2026-07-12T17:10:04.677594+00:00,2026-07-12T17:10:04.679039+00:00,Stress,rc105C5_battery_stress,rc105C5,OR_TOOLS_VRPTW,classical VRPTW baseline; no charging optimization,bd9787f5ab1df174246303e854e9be04d56fb270+dirty,0,5,4,200.0,41.84220357485968,19.924858845171276,39.84971769034255,1.05,1.0,EUC_2D (unrounded Euclidean distance),2,227.18474246926607,227.18474246926607,227.18474246926607,0.0,0.0,invalid,False,False,265.09448589511715,,,,,,,,,0.0014421670020965394,0.0014370000000099026,0.0014421670020965394,,,,,,,,,,,,,,,,,119.1875,battery depleted on leg 2 (C11->C22) | battery depleted on leg 3 (C22->D0) | battery depleted on leg 1 (D0->C36) | battery depleted on leg 2 (C36->C55) | battery depleted on leg 3 (C55->C82) | battery depleted on leg 4 (C82->D0),/Users/guoyiyang/Documents/GitHub/FURP-2026-Yiyang-GUO-EVRP-TW/results/week05_advanced/raw/stress-rc105C5_battery_stress-or_tools_vrptw-0.json,/Users/guoyiyang/Documents/GitHub/FURP-2026-Yiyang-GUO-EVRP-TW/results/week05_advanced/solutions/stress-rc105C5_battery_stress-or_tools_vrptw-0.json,1,30.0
stress-rc105C5_battery_stress-ga_vrptw-2014,2026-07-12T17:10:04.690301+00:00,2026-07-12T17:10:04.789422+00:00,Stress,rc105C5_battery_stress,rc105C5,GA_VRPTW,weak baseline; chromosome decoder has no exact station insertion,bd9787f5ab1df174246303e854e9be04d56fb270+dirty,2014,5,4,200.0,41.84220357485968,19.924858845171276,39.84971769034255,1.05,1.0,EUC_2D (unrounded Euclidean distance),5,280.8893884953158,280.8893884953158,280.8893884953158,0.0,0.0,invalid,False,False,265.09448589511715,,,,,,,,,0.09911795899824938,0.09903700000000981,0.09911795899824938,,,,,,,,,,,,,,,,,119.1875,battery depleted on leg 2 (C11->D0) | battery depleted on leg 2 (C22->D0) | battery depleted on leg 1 (D0->C36) | battery depleted on leg 2 (C36->D0),/Users/guoyiyang/Documents/GitHub/FURP-2026-Yiyang-GUO-EVRP-TW/results/week05_advanced/raw/stress-rc105C5_battery_stress-ga_vrptw-2014.json,/Users/guoyiyang/Documents/GitHub/FURP-2026-Yiyang-GUO-EVRP-TW/results/week05_advanced/solutions/stress-rc105C5_battery_stress-ga_vrptw-2014.json,1,30.0
stress-rc105C5_battery_stress-ga_vrptw-2015,2026-07-12T17:10:04.801550+00:00,2026-07-12T17:10:04.900907+00:00,Stress,rc105C5_battery_stress,rc105C5,GA_VRPTW,weak baseline; chromosome decoder has no exact station insertion,bd9787f5ab1df174246303e854e9be04d56fb270+dirty,2015,5,4,200.0,41.84220357485968,19.924858845171276,39.84971769034255,1.05,1.0,EUC_2D (unrounded Euclidean distance),5,280.8893884953158,280.8893884953158,280.8893884953158,0.0,0.0,invalid,False,False,265.09448589511715,,,,,,,,,0.09935691600185237,0.09921400000001768,0.09935691600185237,,,,,,,,,,,,,,,,,119.1875,battery depleted on leg 2 (C11->D0) | battery depleted on leg 1 (D0->C36) | battery depleted on leg 2 (C36->D0) | battery depleted on leg 2 (C22->D0),/Users/guoyiyang/Documents/GitHub/FURP-2026-Yiyang-GUO-EVRP-TW/results/week05_advanced/raw/stress-rc105C5_battery_stress-ga_vrptw-2015.json,/Users/guoyiyang/Documents/GitHub/FURP-2026-Yiyang-GUO-EVRP-TW/results/week05_advanced/solutions/stress-rc105C5_battery_stress-ga_vrptw-2015.json,1,30.0
stress-rc105C5_battery_stress-ga_vrptw-2016,2026-07-12T17:10:04.913716+00:00,2026-07-12T17:10:05.012464+00:00,Stress,rc105C5_battery_stress,rc105C5,GA_VRPTW,weak baseline; chromosome decoder has no exact station insertion,bd9787f5ab1df174246303e854e9be04d56fb270+dirty,2016,5,4,200.0,41.84220357485968,19.924858845171276,39.84971769034255,1.05,1.0,EUC_2D (unrounded Euclidean distance),5,280.8893884953158,280.8893884953158,280.8893884953158,0.0,0.0,invalid,False,False,265.09448589511715,,,,,,,,,0.09874866699828999,0.0986560000000054,0.09874866699828999,,,,,,,,,,,,,,,,,119.1875,battery depleted on leg 1 (D0->C36) | battery depleted on leg 2 (C36->D0) | battery depleted on leg 2 (C11->D0) | battery depleted on leg 2 (C22->D0),/Users/guoyiyang/Documents/GitHub/FURP-2026-Yiyang-GUO-EVRP-TW/results/week05_advanced/raw/stress-rc105C5_battery_stress-ga_vrptw-2016.json,/Users/guoyiyang/Documents/GitHub/FURP-2026-Yiyang-GUO-EVRP-TW/results/week05_advanced/solutions/stress-rc105C5_battery_stress-ga_vrptw-2016.json,1,30.0
